accession,organism_name,strain_name,assembly_level,total_16S_copies,unique_16S_copies,degree
GCF_017876235.1,Streptomyces cinnamonensis,DSM 40803,Contig,7,1,22
GCF_009811635.1,Streptomyces tubercidicus,NBRC 13090,Contig,7,1,3
GCF_007677905.1,Streptomyces incarnatus,DE0205,Scaffold,1,1,0
GCF_900091785.1,Streptomyces sp.,BvitLS-983,Contig,1,1,32
GCF_008386495.1,Streptomyces tailanensis,TRM68348,Scaffold,1,1,0
GCF_003112595.1,Streptomyces rubrogriseus,NBRC 15455,Scaffold,1,1,0
GCF_003984935.1,Streptomyces sp.,WAC04189,Contig,1,1,2
GCF_009865365.1,Streptomyces sp.,SID4912,Scaffold,1,1,9
GCF_003671715.1,Streptomyces sp.,E2N166,Scaffold,2,1,1
GCF_001426585.1,Streptomyces sp.,Root431,Scaffold,1,1,0
GCF_002803195.1,Streptomyces sp.,CB02120-2,Scaffold,1,1,5
GCF_006715635.1,Streptomyces sp.,SLBN-118,Contig,6,2,0
GCF_002804165.1,Streptomyces cavourensis,1AS2a,Complete,6,3,2
GCF_016612825.1,Streptomyces sp.,MBT49,Contig,1,1,2
GCF_014649135.1,Streptomyces niveoruber,JCM 4234,Scaffold,1,1,0
GCF_001905795.1,Streptomyces sp.,CB01580,Scaffold,1,1,0
GCF_001969965.1,Streptomyces sparsogenes,DSM 40356,Contig,1,1,1
GCF_000931445.1,Streptomyces cyaneogriseus,NMWT 1,Complete,6,2,1
GCF_006547165.1,Streptomyces ipomoeae,B12321,Scaffold,1,1,2
GCF_013358055.1,Streptomyces lunaelactis,MM91,Contig,1,1,8
GCF_003696235.1,Streptomyces triticirhizae,NEAU-YY642,Scaffold,1,1,0
GCF_000717595.1,Streptomyces flavochromogenes,NRRL B-2684,Contig,1,1,0
GCF_009857135.1,Streptomyces sp.,HM190,Complete,6,2,0
GCF_014650095.1,Streptomyces nashvillensis,JCM 4498,Scaffold,1,1,0
GCF_004195845.1,Streptomyces albidoflavus,CGMCC 4.1681,Contig,1,1,32
GCF_001905825.1,Streptomyces sp.,CB02009,Scaffold,1,1,2
GCF_002910875.1,Streptomyces sp.,SM13,Scaffold,4,2,20
GCF_003369795.1,Streptomyces sp.,CB09001,Complete,6,1,0
GCF_001751245.1,Streptomyces oceani,SCSIO 02100,Scaffold,1,1,0
GCF_016906245.1,Streptomyces californicus,FDAARGOS_1213,Complete,6,2,14
GCF_015163075.1,Streptomyces sp.,3R004,Contig,1,1,0
GCF_003054555.1,Streptomyces lunaelactis,MM109,Complete,6,6,8
GCF_019049245.1,Streptomyces sp.,AC555_RSS877,Scaffold,1,1,0
GCF_016756395.1,Streptomyces sp.,SN-593,Complete,6,3,0
GCF_000797385.1,Streptomyces sp.,CNQ431,Contig,1,1,8
GCF_003626535.1,Streptomyces hoynatensis,KCTC 29097,Contig,1,1,0
GCF_006715395.1,Streptomyces sp.,SLBN-31,Contig,6,3,0
GCF_016755875.1,Streptomyces spororaveus,NBRC 15456,Contig,7,1,12
GCF_016860545.1,Streptomyces cacaoi,NBRC 13813,Contig,6,2,2
GCF_014070435.1,Streptomyces pristinaespiralis,PR11,Complete,6,2,1
GCF_004794665.1,Streptomyces sp.,S816,Scaffold,4,1,13
GCF_014253015.1,Streptomyces sp.,TYQ1024,Contig,1,1,0
GCF_017352335.1,Streptomyces nodosus,ZJB2016050,Complete,6,2,3
GCF_014650455.1,Streptomyces xanthochromogenes,JCM 4612,Scaffold,1,1,0
GCF_008704575.1,Streptomyces galilaeus,ATCC 14969,Complete,6,2,1
GCF_002910725.2,Streptomyces sp.,SM17,Complete,7,3,37
GCF_005280215.1,Streptomyces lasalocidi,X-537,Scaffold,7,2,2
GCF_002028425.1,Streptomyces katrae,S3,Chromosome,7,4,1
GCF_000720725.1,Streptomyces rimosus,NRRL WC-3904,Contig,1,1,0
GCF_013358165.1,Streptomyces lunaelactis,MM15,Contig,1,1,8
GCF_015689475.1,Streptomyces solisilvae,HNM0141,Complete,6,6,7
GCF_002711365.1,Streptomyces sp.,LamerLS-316,Scaffold,1,1,4
GCF_001590865.1,Streptomyces sp.,NBRC 110611,Scaffold,1,1,0
GCF_000988945.1,Streptomyces europaeiscabiei,NRRL B-24443,Contig,1,1,4
GCF_014852565.1,Streptomyces sp.,D-03-3A,Scaffold,1,1,2
GCF_003263925.1,Streptomyces badius,SP6C4,Contig,6,2,9
GCF_001905595.1,Streptomyces sp.,CB00316,Contig,1,1,18
GCF_015475845.1,Streptomyces eurocidicus,NRRL ISP-5604,Scaffold,1,1,2
GCF_900091995.1,Streptomyces sp.,MnatMP-M17,Contig,1,1,0
GCF_001280005.1,Streptomyces sp.,NRRL WC-3618,Contig,1,1,0
GCF_900091955.1,Streptomyces sp.,Ncost-T10-10d,Contig,1,1,2
GCF_004684775.1,Streptomyces sp.,MZ04,Contig,1,1,0
GCF_000715745.1,Streptomyces californicus,NRRL B-3320,Scaffold,1,1,13
GCF_003311645.1,Streptomyces sp.,PT12,Contig,1,1,0
GCF_008642375.1,Streptomyces venezuelae,ATCC 15068,Complete,7,5,0
GCF_006540305.1,Streptomyces sp.,6-11-2,Contig,6,1,0
GCF_013364195.1,Streptomyces sp.,NA04227,Complete,6,2,0
GCF_009865505.1,Streptomyces sp.,SID2119,Contig,1,1,20
GCF_002028385.1,Streptomyces sp.,3211,Complete,7,2,12
GCF_011694815.1,Streptomyces sp.,QMT-12,Complete,6,1,0
GCF_014648615.1,Streptomyces nojiriensis,JCM 3382,Scaffold,1,1,12
GCF_009739225.1,Streptomyces sp.,Z38,Scaffold,1,1,4
GCF_019029485.1,Streptomyces sp.,Babs14,Contig,6,3,11
GCF_900116325.1,Streptomyces sp.,OK210,Scaffold,1,1,0
GCF_002099185.1,Streptomyces sp.,CB03238,Scaffold,1,1,1
GCF_001632865.1,Streptomyces ambofaciens,DSM 40697,Complete,6,1,1
GCF_001418165.1,Streptomyces prasinus,NRRL B-12521,Scaffold,1,1,0
GCF_009865275.1,Streptomyces sp.,SID4915,Contig,1,1,32
GCF_000802245.2,Streptomyces pluripotens,MUSC 135,Complete,6,3,2
GCF_009872615.1,Streptomyces sp.,SID5594,Scaffold,1,1,20
GCF_000816025.1,Streptomyces sp.,769,Complete,7,2,0
GCF_018035285.1,Streptomyces sp.,MK37H,Contig,1,1,0
GCF_009862115.1,Streptomyces sp.,SID8359,Scaffold,1,1,4
GCF_001279905.1,Streptomyces sp.,XY66,Contig,1,1,22
GCF_001514205.1,Streptomyces griseoruber,DSM 40281,Scaffold,1,1,1
GCF_016411765.1,Streptomyces flavofungini,JCM 4753,Scaffold,1,1,0
GCF_017969075.1,Streptomyces sp.,LBUM 1479,Contig,6,2,15
GCF_014216315.1,Streptomyces finlayi,NBSH44,Complete,6,1,0
GCF_009864845.1,Streptomyces sp.,SID8379,Scaffold,1,1,1
GCF_002797835.1,Streptomyces sp.,2333.5,Contig,6,1,4
GCF_017877015.1,Streptomyces sp.,PvR006,Contig,7,1,2
GCF_001418125.1,Streptomyces albus,NRRL B-1685,Scaffold,1,1,3
GCF_018604545.1,Streptomyces sp.,MG62,Complete,6,6,0
GCF_001953885.1,Streptomyces sp.,MTB 2501,Scaffold,1,1,0
GCF_014205055.1,Streptomyces luteogriseus,DSM 40483,Contig,6,2,1
GCF_001426325.1,Streptomyces sp.,Root1295,Scaffold,1,1,18
GCF_004563805.1,Streptomyces sp.,4R-3d,Contig,1,1,1
GCF_000718945.1,Streptomyces sp.,NRRL S-813,Contig,1,1,0
GCF_001905365.1,Streptomyces sp.,CB02488,Scaffold,1,1,1
GCF_000717945.1,Streptomyces sp.,NRRL S-920,Contig,1,1,0
GCF_001279625.1,Streptomyces sp.,WM6368,Contig,1,1,12
GCF_002891295.1,Streptomyces eurocidicus,ATCC 27428,Contig,2,1,2
GCF_013358245.1,Streptomyces lunaelactis,MM83,Contig,1,1,8
GCF_002317005.1,Streptomyces albidoflavus,38,Contig,1,1,2
GCF_013423905.1,Streptomyces sp.,NEAU-sy36,Complete,6,1,3
GCF_003205575.1,Streptomyces tateyamensis,ATCC 21389,Scaffold,1,1,0
GCF_001543915.1,Streptomyces thermoautotrophicus,UBT1,Contig,2,2,2
GCF_000331185.2,Streptomyces rimosus,ATCC 10970,Complete,7,3,9
GCF_016741785.1,Streptomyces sp.,XESTO7-21,Contig,1,1,0
GCF_000698495.1,Streptomyces sp.,NTK 937,Contig,6,1,9
GCF_014495685.1,Streptomyces sp.,TRM68367,Scaffold,1,1,0
GCF_003634815.1,Streptomyces sp.,3211.6,Contig,7,2,1
GCF_003112515.1,Streptomyces fragilis,NBRC 12862,Contig,1,1,1
GCF_000721235.1,Streptomyces olivaceus,NRRL B-3009,Contig,1,1,3
GCF_000716335.1,Streptomyces sp.,NRRL S-118,Scaffold,1,1,0
GCF_007113565.2,Streptomyces sp.,S1A1-7,Chromosome,6,1,13
GCF_001428885.1,Streptomyces sp.,Root264,Scaffold,1,1,0
GCF_001895105.1,Streptomyces sp.,NBRC 110465,Scaffold,1,1,0
GCF_001279885.1,Streptomyces sp.,XY593,Contig,1,1,22
GCF_000721455.1,Streptomyces sp.,NRRL F-6628,Contig,1,1,0
GCF_013401535.1,Streptomyces sp.,CB04723,Complete,7,7,13
GCF_000718715.1,Streptomyces rimosus,NRRL WC-3874,Contig,1,1,9
GCF_001905855.1,Streptomyces sp.,CB01883,Scaffold,1,1,0
GCF_006715925.1,Streptomyces sp.,SLBN-134,Contig,6,3,2
GCF_005234185.1,Streptomyces sp.,BPSDS2,Contig,1,1,20
GCF_008642335.1,Streptomyces venezuelae,ATCC 14585,Complete,6,4,0
GCF_014905535.1,Streptomyces sp.,NE5-10,Contig,1,1,0
GCF_018966745.1,Streptomyces sp.,PAM3C,Scaffold,1,1,4
GCF_001746475.1,Streptomyces agglomeratus,5-2-6,Contig,7,2,3
GCF_001279685.1,Streptomyces sp.,WM6373,Contig,1,1,22
GCF_004125315.1,Streptomyces sp.,M3,Contig,6,1,4
GCF_009600895.1,Streptomyces katsurahamanus,T-272,Scaffold,1,1,0
GCF_009873275.1,Streptomyces sp.,SID5914,Contig,1,1,0
GCF_009862825.1,Streptomyces sp.,SID5473,Contig,6,1,3
GCF_007679425.1,Streptomyces incarnatus,DE0106,Scaffold,1,1,1
GCF_002832675.1,Streptomyces sp.,S063,Complete,6,3,16
GCF_008704555.1,Streptomyces nitrosporeus,ATCC 12769,Complete,6,1,1
GCF_004684805.1,Streptomyces palmae,JCM 31289,Contig,1,1,0
GCF_000816465.3,Streptomyces pluripotens,MUSC 137,Complete,6,3,2
GCF_000719495.1,Streptomyces albidoflavus,NRRL F-5621,Contig,1,1,0
GCF_002150735.1,Streptomyces africanus,NRRL B-24243,Scaffold,1,1,0
GCF_001905545.1,Streptomyces sp.,CB02056,Scaffold,1,1,0
GCF_018866325.1,Streptomyces sp.,YPW6,Complete,6,6,0
GCF_014217585.1,Streptomyces sp.,NR7,Complete,7,1,22
GCF_009834145.1,Streptomyces sp.,HF10,Complete,7,3,1
GCF_007113525.2,Streptomyces sp.,RLB1-9,Complete,6,1,13
GCF_007828695.1,Streptomyces sp.,T12,Scaffold,1,1,0
GCF_004195855.1,Streptomyces albidoflavus,FXJ.2339,Contig,1,1,32
GCF_900091975.1,Streptomyces sp.,LamerLS-31b,Contig,1,1,13
GCF_018614055.1,Streptomyces sp.,SL-98,Scaffold,1,1,0
GCF_001418175.1,Streptomyces hirsutus,NRRL B-3040,Scaffold,1,1,0
GCF_014656095.1,Streptomyces longispororuber,JCM 4784,Scaffold,1,1,0
GCF_002982015.1,Streptomyces sp.,ST5x,Scaffold,1,1,0
GCF_003814875.1,Streptomyces sp.,Ag109_O5-1,Contig,6,2,0
GCF_016917755.1,Streptomyces noursei,A-2-1,Complete,7,3,0
GCF_900236475.1,Streptomyces chartreusis,,Complete,6,1,3
GCF_900102245.1,Streptomyces sp.,KS_16,Contig,7,2,5
GCF_001751305.1,Streptomyces nanshensis,SCSIO M10372,Scaffold,2,2,13
GCF_004196145.1,Streptomyces albidoflavus,FXJ8.031,Contig,1,1,9
GCF_000245355.1,Streptomyces hygroscopicus,5008,Complete,6,3,3
GCF_012184365.2,Streptomyces sp.,S-2,Contig,7,2,37
GCF_001514065.1,Streptomyces antibioticus,DSM 40234,Scaffold,1,1,0
GCF_001514265.1,Streptomyces resistomycificus,DSM 40133,Scaffold,1,1,1
GCF_000721665.1,Streptomyces rimosus,NRRL WC-3929,Contig,1,1,1
GCF_000695235.1,Streptomyces albulus,NK660,Complete,7,4,3
GCF_007113505.2,Streptomyces sp.,S1A1-8,Complete,6,3,13
GCF_011193355.1,Streptomyces sp.,JB150,Chromosome,1,1,0
GCF_003346515.1,Streptomyces corynorhini,AC230,Scaffold,1,1,0
GCF_900221035.1,Streptomyces sp.,2323.1,Chromosome,6,2,4
GCF_014650075.1,Streptomyces microflavus,JCM 4496,Scaffold,2,2,0
GCF_900091715.1,Streptomyces sp.,DpondAA-F4a,Contig,1,1,8
GCF_001595515.1,Streptomyces sp.,CC71,Scaffold,1,1,0
GCF_018638305.1,Streptomyces sp.,Vc74B-19,Contig,2,2,1
GCF_002939475.1,Streptomyces cinnamoneus,DSM 41675,Contig,7,5,0
GCF_001514195.1,Streptomyces griseorubiginosus,DSM 40469,Scaffold,1,1,2
GCF_001014595.1,Streptomyces sp.,KE1,Contig,1,1,0
GCF_009862765.1,Streptomyces sp.,SID6137,Contig,1,1,13
GCF_000721935.1,Streptomyces sp.,NRRL WC-3549,Scaffold,1,1,8
GCF_002910915.1,Streptomyces sp.,SM10,Scaffold,12,1,0
GCF_003013745.1,Streptomyces sp.,111WW2,Scaffold,1,1,12
GCF_014156695.1,Streptomyces durbertensis,DSM 104538,Contig,1,1,0
GCF_002078235.1,Streptomyces viridosporus,NRRL 2414,Scaffold,1,1,0
GCF_014646055.1,Streptomyces tyrosinilyticus,CGMCC 4.7201,Contig,1,1,0
GCF_002943895.1,Streptomyces sp.,WAC00288,Complete,6,5,5
GCF_009862445.1,Streptomyces sp.,SID7813,Contig,6,3,12
GCF_009739905.1,Streptomyces ficellus,NRRL 8067,Complete,6,2,0
GCF_900105605.1,Streptomyces sp.,2231.1,Contig,6,2,2
GCF_003584805.1,Streptomyces acidiscabies,ST105,Contig,1,1,2
GCF_017356985.1,Streptomyces griseocarneus,KCC S-1010,Chromosome,7,2,2
GCF_003248355.1,Streptomyces sp.,AC1-42W,Contig,6,1,1
GCF_000709915.1,Streptomyces griseorubens,JSD-1,Scaffold,6,4,0
GCF_017592595.1,Streptomyces sp.,NEAU-YJ-81,Scaffold,1,1,0
GCF_003116725.1,Streptomyces sp.,CS065A,Scaffold,3,2,0
GCF_004798575.1,Streptomyces sp.,A1499,Contig,1,1,0
GCF_003635085.1,Streptomyces sp.,1114.5,Contig,11,6,1
GCF_000719855.1,Streptomyces sp.,NRRL F-4474,Contig,1,1,0
GCF_004122755.1,Streptomyces sp.,TM32,Contig,1,1,0
GCF_001611795.1,Streptomyces qaidamensis,S10,Complete,6,2,0
GCF_015912395.1,Streptomyces clavuligerus,ATCC 27064,Contig,1,1,26
GCF_010550245.1,Streptomyces sp.,SID12501,Contig,1,1,1
GCF_003352445.1,Streptomyces cavourensis,TJ430,Complete,6,3,14
GCF_000411495.1,Streptomyces sp.,HPH0547,Scaffold,5,4,4
GCF_011800555.1,Streptomyces malaysiensis,DSM 14702,Scaffold,6,5,6
GCF_013394065.1,Streptomyces rectiverticillatus,B15-08,Complete,7,3,0
GCF_900119365.1,Streptomyces atratus,OK807,Scaffold,1,1,0
GCF_900092005.1,Streptomyces sp.,Cmuel-A718b,Contig,1,1,0
GCF_008125035.1,Streptomyces coelicolor,A3(2) R4-mCherry-18,Scaffold,1,1,12
GCF_002879675.3,Streptomyces sp.,SMS_SU21,Contig,6,3,2
GCF_002910755.1,Streptomyces sp.,SM14,Scaffold,4,1,2
GCF_016598575.1,Streptomyces sp.,HSG2,Complete,6,2,0
GCF_000966965.1,Streptomyces sp.,NRRL S-104,Contig,1,1,22
GCF_000717215.1,Streptomyces vinaceus,NRRL ISP-5257,Contig,1,1,0
GCF_010523235.1,Streptomyces sp.,604F,Complete,7,4,8
GCF_016457305.1,Streptomyces sp.,CRPSP2-6A1,Contig,7,1,13
GCF_003994375.1,Streptomyces lydicus,WYEC 108,Complete,7,2,3
GCF_014083905.1,Streptomyces lincolnensis,B48,Complete,6,3,2
GCF_900290435.1,Streptomyces netropsis,,Contig,1,1,1
GCF_008039505.1,Streptomyces sp.,B2014 016-6,Contig,1,1,1
GCF_900187385.1,Streptomyces sp.,2114.4,Contig,7,2,5
GCF_014650255.1,Streptomyces violarus,JCM 4534,Scaffold,1,1,1
GCF_000932225.2,Streptomyces griseus,S4-7,Contig,6,2,9
GCF_008973465.1,Streptomyces sp.,SS1-1,Contig,6,6,0
GCF_004104485.1,Streptomyces sp.,dophyte_N2,Complete,7,1,13
GCF_003671755.1,Streptomyces sp.,E5N91,Scaffold,1,1,12
GCF_013358105.1,Streptomyces lunaelactis,MM40,Contig,1,1,8
GCF_003675955.1,Streptomyces rapamycinicus,NRRL 5491,Contig,7,3,1
GCF_016432685.1,Streptomyces sp.,4(2020),Contig,6,4,5
GCF_018614585.1,Streptomyces sp.,SL-1,Scaffold,1,1,0
GCF_001418565.1,Streptomyces graminilatus,NRRL B-59124,Scaffold,1,1,0
GCF_013693715.1,Streptomyces albidoflavus,J1074/R2,Complete,7,3,32
GCF_000720395.1,Streptomyces flavovirens,NRRL B-2182,Contig,1,1,18
GCF_013870515.1,Streptomyces albidus,CAP215,Contig,1,1,0
GCF_900105245.1,Streptomyces sp.,1222.5,Contig,6,2,2
GCF_013364175.1,Streptomyces sp.,NA02536,Complete,6,4,2
GCF_000722015.1,Streptomyces sp.,NRRL S-474,Scaffold,1,1,2
GCF_900091865.1,Streptomyces sp.,DvalAA-19,Contig,1,1,1
GCF_016741935.1,Streptomyces sp.,CA3R110,Contig,1,1,0
GCF_002261115.1,Streptomyces kasugaensis,BCRC 12349,Scaffold,4,1,2
GCF_014650695.1,Streptomyces avidinii,JCM 4726,Scaffold,1,1,0
GCF_016612755.1,Streptomyces sp.,MBT51,Contig,1,1,8
GCF_003097515.1,Streptomyces tirandamycinicus,HNM0039,Complete,5,1,0
GCF_012034175.1,Streptomyces sp.,PRB2-1,Contig,1,1,0
GCF_014649595.1,Streptomyces griseomycini,JCM 4382,Contig,1,1,0
GCF_018310535.1,Streptomyces mirabilis,P16B-1,Chromosome,6,1,6
GCF_018614155.1,Streptomyces sp.,SL-44,Scaffold,1,1,0
GCF_018070255.1,Streptomyces sp.,RK62,Scaffold,1,1,0
GCF_015767935.1,Streptomyces clavuligerus,F1D28,Complete,6,2,26
GCF_001270485.1,Streptomyces viridochromogenes,NRRL 3416,Contig,1,1,2
GCF_002891315.1,Streptomyces noursei,JCM 4701,Scaffold,7,1,0
GCF_014650815.1,Streptomyces flavofungini,JCM 4753,Scaffold,1,1,0
GCF_001279855.1,Streptomyces sp.,XY58,Contig,1,1,22
GCF_012044595.1,Streptomyces antibioticus,DSM 41481,Complete,6,6,0
GCF_001704635.1,Streptomyces sparsogenes,ATCC 25498,Contig,6,2,1
GCF_001598115.1,Streptomyces sp.,AgN23,Complete,6,2,2
GCF_002300315.1,Streptomyces sp.,2321.6,Contig,7,2,5
GCF_017526105.1,Streptomyces cyanogenus,S136,Complete,6,2,0
GCF_009862345.1,Streptomyces sp.,SID7817,Contig,7,2,32
GCF_005280195.1,Streptomyces galbus,DSM 40089,Scaffold,1,1,2
GCF_004364395.1,Streptomyces sp.,KS 21,Contig,7,1,6
GCF_009864905.1,Streptomyces sp.,SID8378,Scaffold,1,1,16
GCF_018327685.1,Streptomyces sp.,TS71-3,Contig,6,1,0
GCF_009650765.1,Streptomyces sp.,SUK 48,Complete,7,3,1
GCF_017825375.1,Streptomyces sp.,KCTC 0041BP,Scaffold,7,1,5
GCF_013357925.1,Streptomyces lunaelactis,MMun143,Contig,1,1,8
GCF_014650395.1,Streptomyces pluricolorescens,JCM 4602,Scaffold,1,1,0
GCF_004028635.1,Streptomyces cyaneus,CGMCC 4.1671,Scaffold,1,1,0
GCF_014141525.1,Streptomyces calidiresistens,DSM 42108,Contig,1,1,0
GCF_014650115.1,Streptomyces olivaceoviridis,JCM 4499,Scaffold,1,1,0
GCF_002277855.1,Streptomyces sp.,Alain-F2R5,Contig,1,1,0
GCF_003610255.1,Streptomyces sp.,TLI_171,Contig,9,3,0
GCF_002556545.1,Streptomyces formicae,KY5,Complete,6,3,0
GCF_014495705.1,Streptomyces sp.,CB00271,Complete,6,6,20
GCF_003932715.1,Streptomyces tsukubensis,NRRL 18488,Complete,6,1,3
GCF_001723065.1,Streptomyces rubidus,NRRL B-24619,Scaffold,1,1,0
GCF_902506575.1,Streptomyces mexicanus,Marseille-Q0842,Scaffold,1,1,1
GCF_002155905.1,Streptomyces tricolor,NRRL B-16925,Scaffold,1,1,0
GCF_002021875.1,Streptomyces hygroscopicus,XM201,Complete,6,2,0
GCF_009498275.1,Streptomyces fagopyri,QMT-28,Complete,6,4,0
GCF_001514215.1,Streptomyces bungoensis,DSM 41781,Scaffold,1,1,0
GCF_001949645.1,Streptomyces acidiscabies,2,Contig,1,1,2
GCF_001650215.1,Streptomyces sp.,RTd22,Complete,6,2,0
GCF_003112555.1,Streptomyces coelicoflavus,NBRC 15399,Contig,1,1,3
GCF_013870595.1,Streptomyces sp.,WELS2,Contig,1,1,0
GCF_000718315.1,Streptomyces griseofuscus,NRRL B-5429,Contig,1,1,0
GCF_900230195.1,Streptomyces zhaozhouensis,CGMCC 4.7095,Contig,1,1,0
GCF_018530775.1,Streptomyces sp.,Tu102,Contig,1,1,5
GCF_000717925.1,Streptomyces sp.,NRRL S-241,Contig,1,1,12
GCF_000813365.1,Streptomyces albus,NBRC 13014,Scaffold,1,1,3
GCF_013177615.1,Streptomyces sp.,MNP-20,Scaffold,1,1,1
GCF_017874515.1,Streptomyces avidinii,DSM 40526,Contig,1,1,0
GCF_001418385.1,Streptomyces alboniger,NRRL B-1832,Scaffold,1,1,1
GCF_015244315.1,Streptomyces olivaceus,SCSIO T05,Complete,6,3,3
GCF_005938145.1,Streptomyces sp.,DASNCL29,Contig,6,1,0
GCF_005406005.1,Streptomyces avermitilis,w2,Contig,6,2,5
GCF_001279355.1,Streptomyces sp.,NRRL F-4711,Contig,1,1,2
GCF_000364805.1,Streptomyces sp.,PAMC 26508,Complete,6,1,18
GCF_014649675.1,Streptomyces janthinus,JCM 4387,Scaffold,1,1,0
GCF_001514235.1,Streptomyces caeruleatus,NRRL B-24802,Scaffold,1,1,0
GCF_003950055.1,Streptomyces sp.,KPB2,Complete,6,3,4
GCF_018614445.1,Streptomyces sp.,SL-112,Scaffold,1,1,18
GCF_000718155.1,Streptomyces lavendulae,NRRL B-2774,Contig,1,1,2
GCF_003173275.1,Streptomyces sp.,NEAU-S7GS2,Complete,7,4,6
GCF_008271805.1,Streptomyces sp.,TRM49041,Scaffold,1,1,0
GCF_004217285.1,Streptomyces sp.,BK239,Scaffold,1,1,0
GCF_003429565.1,Streptomyces triticagri,NEAU-YY421,Scaffold,1,1,0
GCF_006547185.1,Streptomyces ipomoeae,88-35,Scaffold,1,1,2
GCF_009865585.1,Streptomyces sp.,SID161,Contig,1,1,0
GCF_014203895.1,Streptomyces sp.,SFB5A,Scaffold,1,1,0
GCF_000719475.1,Streptomyces sp.,NRRL F-5630,Contig,1,1,0
GCF_014648815.1,Streptomyces flaveolus,JCM 4032,Contig,1,1,0
GCF_001592685.1,Streptomyces sp.,WAC04657,Contig,6,5,5
GCF_003073355.1,Streptomyces scopuliridis,RB72,Contig,1,1,0
GCF_002920535.1,Streptomyces sp.,Ru71,Contig,1,1,0
GCF_000297635.1,Streptomyces sp.,AA0539,Contig,1,1,0
GCF_008634025.1,Streptomyces albofaciens,ATCC 23873,Contig,7,5,0
GCF_000373625.1,Streptomyces sp.,LaPpAH-108,Scaffold,1,1,0
GCF_014648695.1,Streptomyces albospinus,JCM 3399,Scaffold,1,1,0
GCF_004124335.1,Streptomyces sp.,N1,Contig,7,2,32
GCF_000725725.1,Streptomyces xanthophaeus,NRRL B-3004,Scaffold,1,1,7
GCF_011650445.1,Streptomyces sp.,VN1,Complete,6,1,3
GCF_000719705.1,Streptomyces sp.,NRRL S-350,Contig,1,1,0
GCF_000718815.1,Streptomyces sp.,NRRL WC-3703,Contig,1,1,9
GCF_000240165.1,Streptomyces cattleya,DSM 46488,Complete,6,4,2
GCF_900095575.1,Streptomyces sp.,DpondAA-F4,Contig,1,1,8
GCF_014076605.1,Streptomyces sp.,GMR22,Contig,1,1,0
GCF_003945545.1,Streptomyces sp.,WAC 01529,Complete,6,2,0
GCF_001280885.1,Streptomyces sp.,XY332,Contig,1,1,6
GCF_003263885.1,Streptomyces badius,SF7B6,Contig,6,3,9
GCF_900187925.1,Streptomyces sp.,PgraA7,Scaffold,1,1,16
GCF_018883605.1,Streptomyces sp.,4503,Scaffold,1,1,0
GCF_001579685.1,Streptomyces scabiei,96-06,Contig,6,1,15
GCF_016741875.1,Streptomyces coffeae,CA1R205,Contig,1,1,0
GCF_016612705.1,Streptomyces sp.,MBT56,Contig,1,1,1
GCF_001270565.1,Streptomyces virginiae,NRRL B-1447,Contig,1,1,12
GCF_013364155.1,Streptomyces sp.,NA02950,Complete,6,4,0
GCF_014650435.1,Streptomyces tendae,JCM 4610,Scaffold,1,1,1
GCF_013364095.1,Streptomyces harbinensis,NA02264,Complete,5,1,0
GCF_900104935.1,Streptomyces sp.,2114.2,Chromosome,6,2,14
GCF_001905735.1,Streptomyces sp.,CB01249,Scaffold,1,1,1
GCF_001418475.1,Streptomyces ossamyceticus,NRRL B-3822,Scaffold,1,1,0
GCF_009862865.1,Streptomyces sp.,SID5469,Contig,6,1,5
GCF_017933255.1,Streptomyces sp.,LBUM 1475,Complete,6,4,15
GCF_001550235.1,Streptomyces scabiei,96-08,Contig,7,2,19
GCF_014202475.1,Streptomyces paradoxus,DSM 43350,Scaffold,1,1,0
GCF_006547175.1,Streptomyces ipomoeae,78-51,Scaffold,1,1,2
GCF_008639165.1,Streptomyces venezuelae,ATCC 10712,Complete,7,2,3
GCF_001418625.1,Streptomyces luridiscabiei,NRRL B-24455,Scaffold,1,1,9
GCF_000772045.1,Streptomyces sp.,CCM_MD2014,Complete,6,3,0
GCF_000719625.1,Streptomyces sp.,NRRL B-1322,Contig,1,1,22
GCF_000367365.1,Streptomyces prunicolor,NBRC 13075,Contig,1,1,0
GCF_003147545.1,Streptomyces globisporus,TFH56,Complete,6,2,9
GCF_013358235.1,Streptomyces lunaelactis,MM78,Contig,1,1,8
GCF_011170105.1,Streptomyces rutgersensis,NBRC 12819,Contig,7,4,7
GCF_003752275.1,Streptomyces sp.,CEV 2-1,Contig,7,2,1
GCF_000696595.1,Streptomyces leeuwenhoekii,C34,Scaffold,1,1,1
GCF_002158965.1,Streptomyces lavendulae,ATCC 13664,Contig,1,1,20
GCF_002154415.1,Streptomyces angustmyceticus,NRRL B-2347,Scaffold,1,1,5
GCF_003330865.1,Streptomyces atratus,SCSIO_ZH16,Complete,6,1,2
GCF_000478605.2,Streptomyces thermolilacinus,SPC6,Contig,6,1,0
GCF_000720135.1,Streptomyces sp.,NRRL S-1022,Contig,1,1,0
GCF_014216335.1,Streptomyces rutgersensis,NBH77,Complete,7,3,7
GCF_000717875.1,Streptomyces sp.,NRRL S-455,Contig,1,1,2
GCF_008704795.1,Streptomyces spectabilis,ATCC 27465,Complete,6,3,2
GCF_000720115.1,Streptomyces sp.,NRRL F-2580,Contig,1,1,7
GCF_000717915.1,Streptomyces sp.,NRRL S-244,Contig,1,1,0
GCF_000717015.1,Streptomyces brasiliensis,NRRL B-1626,Contig,1,1,0
GCF_003709145.1,Streptomyces sp.,Tu 4128,Scaffold,1,1,0
GCF_013358065.1,Streptomyces lunaelactis,MM31,Contig,1,1,8
GCF_007363395.1,Streptomyces spectabilis,NRRL 2792,Complete,6,1,2
GCF_001753425.1,Streptomyces albus,BK3-25,Complete,6,1,2
GCF_016612575.1,Streptomyces sp.,MBT67,Contig,1,1,16
GCF_013345665.1,Streptomyces samsunensis,SA31,Contig,1,1,4
GCF_016906185.1,Streptomyces californicus,FDAARGOS_1209,Complete,6,3,14
GCF_017349075.1,Streptomyces triculaminicus,JCM 4242,Contig,7,2,2
GCF_000424945.1,Streptomyces sp.,142MFCol3.1,Scaffold,1,1,0
GCF_008042035.1,Streptomyces sp.,ol6,Scaffold,1,1,0
GCF_000827005.1,Streptomyces albus,DSM 41398,Complete,6,1,2
GCF_000179195.1,Streptomyces sp.,SA3_actG,Contig,1,1,1
GCF_003994395.1,Streptomyces griseoviridis,F1-27,Complete,6,2,1
GCF_017874495.1,Streptomyces griseochromogenes,DSM 40499,Contig,1,1,1
GCF_003129505.1,Streptomyces sp.,V2,Contig,1,1,2
GCF_003116775.1,Streptomyces sp.,CS147,Scaffold,4,1,16
GCF_003665095.1,Streptomyces sp.,Z26,Contig,6,2,0
GCF_004125275.1,Streptomyces lydicus,SW_ACT1,Contig,7,2,3
GCF_002154605.1,Streptomyces milbemycinicus,NRRL 5739,Scaffold,1,1,1
GCF_000163875.1,Streptomyces clavuligerus,ATCC 27064,Chromosome,4,1,26
GCF_004364245.1,Streptomyces sp.,BK208,Scaffold,1,1,1
GCF_008087005.1,Streptomyces sp.,WAC01526,Contig,1,1,3
GCF_017639205.1,Streptomyces nojiriensis,JCM 3382,Complete,7,1,12
GCF_003287915.1,Streptomyces sp.,CC4,Chromosome,1,1,1
GCF_013364375.1,Streptomyces sp.,NA03103,Complete,6,3,4
GCF_003947265.2,Streptomyces sp.,WAC 00631,Contig,5,1,0
GCF_014138855.1,Streptomyces murinus,DSM 41827,Contig,7,1,13
GCF_002920635.1,Streptomyces sp.,Ru72,Contig,1,1,1
GCF_004348415.1,Streptomyces hainanensis,DSM 41900,Contig,1,1,0
GCF_015601545.1,Streptomyces albidoflavus,W68,Complete,7,1,8
GCF_014207445.1,Streptomyces candidus,DSM 40141,Scaffold,1,1,0
GCF_900206255.1,Streptomyces sp.,TLI_55,Contig,6,1,1
GCF_000719265.1,Streptomyces roseoverticillatus,NRRL B-3500,Contig,1,1,0
GCF_015767795.1,Streptomyces clavuligerus,F1D10,Complete,6,2,26
GCF_001418505.1,Streptomyces albus,NRRL B-2465,Scaffold,1,1,0
GCF_016919685.1,Streptomyces tsukubensis,L20,Complete,6,1,3
GCF_001905885.1,Streptomyces sp.,CB03234,Scaffold,1,1,1
GCF_017948495.1,Streptomyces sp.,GESEQ-13,Contig,1,1,3
GCF_009863035.1,Streptomyces sp.,SID4982,Contig,1,1,1
GCF_003949795.1,Streptomyces sp.,WAC06614,Contig,1,1,0
GCF_010669165.1,Streptomyces aureoverticillatus,HN6,Complete,6,2,0
GCF_009872565.1,Streptomyces sp.,SID5614,Contig,1,1,16
GCF_008704655.1,Streptomyces rimosus,ATCC 10970,Complete,7,4,9
GCF_000177175.2,Streptomyces sp.,XylebKG-1,Scaffold,6,4,7
GCF_014650375.1,Streptomyces nitrosporeus,JCM 4598,Scaffold,1,1,1
GCF_014930395.1,Streptomyces sp.,ND05-01C,Scaffold,1,1,5
GCF_002573955.1,Streptomyces sp.,Ru87,Contig,1,1,1
GCF_002217715.1,Streptomyces sp.,SS07,Scaffold,5,1,16
GCF_904440645.1,Streptomyces sp.,,Complete,6,1,20
GCF_001044425.1,Streptomyces roseus,ATCC 31245,Scaffold,1,1,0
GCF_014203595.1,Streptomyces echinatus,CECT 3313,Scaffold,1,1,0
GCF_001513975.1,Streptomyces curacoi,DSM 40107,Scaffold,1,1,1
GCF_001011035.1,Streptomyces sp.,CNQ-509,Complete,5,4,1
GCF_000717665.1,Streptomyces californicus,NRRL 2423,Contig,1,1,0
GCF_900091485.1,Streptomyces sp.,LcepLS,Contig,1,1,0
GCF_001984575.1,Streptomyces sp.,MP131-18,Scaffold,1,1,0
GCF_001646665.1,Streptomyces albulus,B-3066,Scaffold,1,1,0
GCF_001983595.1,Streptomyces sp.,B2014 011-1,Scaffold,1,1,20
GCF_019067045.1,Streptomyces sp.,NK08203,Contig,1,1,32
GCF_001866665.1,Streptomyces monashensis,MUSC 1,Contig,1,1,0
GCF_006539165.1,Streptomyces cacaoi,NBRC 12748,Contig,1,1,2
GCF_016906225.1,Streptomyces californicus,FDAARGOS_1211,Complete,6,3,14
GCF_001570645.1,Streptomyces hygroscopicus,NBRC 100766,Scaffold,1,1,5
GCF_014654895.1,Streptomyces filamentosus,JCM 4122,Contig,8,2,1
GCF_900460115.1,Streptomyces griseus,NCTC7807,Contig,7,4,7
GCF_009916105.1,Streptomyces sp.,GC420,Scaffold,1,1,0
GCF_000721535.1,Streptomyces hygroscopicus,NRRL B-1477,Contig,1,1,5
GCF_001905725.1,Streptomyces sp.,CB02400,Scaffold,1,1,0
GCF_002009175.1,Streptomyces niveus,SCSIO 3406,Complete,6,2,0
GCF_010384365.1,Streptomyces sp.,S4.7,Complete,6,2,1
GCF_012033785.1,Streptomyces bohaiensis,11A07,Scaffold,1,1,0
GCF_009865205.1,Streptomyces sp.,SID2999,Contig,1,1,0
GCF_009862935.1,Streptomyces sp.,SID5471,Contig,1,1,9
GCF_001652895.1,Streptomyces sp.,NBRC 109436,Scaffold,1,1,5
GCF_004104505.1,Streptomyces sp.,M2,Complete,6,1,2
GCF_006715785.1,Streptomyces puniciscabiei,DSM 41929,Contig,6,5,0
GCF_013363575.1,Streptomyces sp.,KAI 90,Contig,1,1,10
GCF_900091845.1,Streptomyces sp.,SolWspMP-5a-2,Contig,1,1,1
GCF_000373565.1,Streptomyces sp.,HmicA12,Scaffold,1,1,1
GCF_900091725.1,Streptomyces sp.,DvalAA-43,Contig,1,1,1
GCF_013376795.1,Streptomyces violascens,YIM 100212,Complete,7,3,37
GCF_001445655.1,Streptomyces roseifaciens,MBT76,Scaffold,3,1,0
GCF_003148825.1,Streptomyces sp.,CG 926,Contig,1,1,7
GCF_002812405.1,Streptomyces sp.,M56,Complete,6,4,7
GCF_003261055.1,Streptomyces cadmiisoli,ZFG47,Complete,6,3,0
GCF_008704515.1,Streptomyces viridosporus,ATCC 39115,Complete,6,6,0
GCF_000349325.1,Streptomyces davaonensis,JCM 4913,Chromosome,6,1,0
GCF_015767895.1,Streptomyces clavuligerus,F1D31,Complete,6,3,26
GCF_000717965.1,Streptomyces purpeochromogenes,NRRL B-3012,Contig,1,1,13
GCF_004195755.1,Streptomyces albidoflavus,NBRC 13083,Contig,1,1,32
GCF_900207595.1,Streptomyces microflavus,CG 893,Scaffold,1,1,18
GCF_002891435.1,Streptomyces sp.,13K301,Contig,1,1,0
GCF_002899455.1,Streptomyces sp.,DH-12,Contig,6,2,0
GCF_900091815.1,Streptomyces sp.,DfronAA-171,Contig,1,1,0
GCF_004187715.1,Streptomyces sp.,F001,Scaffold,6,3,0
GCF_002155735.1,Streptomyces scabiei,NRRL B-2796,Scaffold,1,1,4
GCF_900177255.1,Streptomyces sp.,Amel2xC10,Scaffold,1,1,0
GCF_005222485.1,Streptomyces griseoviridis,K61,Complete,6,2,1
GCF_018138715.1,Streptomyces asiaticus,DSM 41761,Contig,6,3,3
GCF_009184865.1,Streptomyces phaeolivaceus,GY16,Complete,6,2,0
GCF_000720795.1,Streptomyces sp.,NRRL S-515,Contig,1,1,7
GCF_015767815.1,Streptomyces clavuligerus,F1D14,Complete,6,3,26
GCF_003344965.1,Streptomyces paludis,GSSD-12,Complete,6,3,0
GCF_900290235.1,Streptomyces sp.,,Contig,1,1,0
GCF_000297155.3,Streptomyces tsukubensis,NRRL18488,Complete,6,1,3
GCF_014649375.1,Streptomyces aurantiogriseus,JCM 4346,Scaffold,1,1,0
GCF_000718595.1,Streptomyces bikiniensis,NRRL ISP-5582,Contig,1,1,0
GCF_004403015.1,Streptomyces sp.,CN441,Contig,1,1,0
GCF_000412265.2,Streptomyces sp.,Mg1,Complete,7,1,5
GCF_000716215.1,Streptomyces resistomycificus,NRRL ISP-5133,Scaffold,1,1,1
GCF_007096885.1,Streptomyces sp.,130,Contig,1,1,0
GCF_013778455.1,Streptomyces himalayensis,PSKA28,Contig,1,1,0
GCF_015680775.2,Streptomyces sp.,BRB081,Scaffold,1,1,7
GCF_014280945.1,Streptomyces sp.,SS06011,Contig,1,1,1
GCF_003945505.1,Streptomyces sp.,WAC 06738,Complete,5,3,1
GCF_003865135.1,Streptomyces chrestomyceticus,NBRC 13444,Contig,7,2,1
GCF_002551145.1,Streptomyces sp.,115,Contig,1,1,4
GCF_000220705.2,Streptomyces xinghaiensis,S187,Complete,6,2,2
GCF_011055525.1,Streptomyces sp.,196,Contig,1,1,4
GCF_000819545.1,Streptomyces nodosus,ATCC 14899,Chromosome,5,5,3
GCF_015475835.1,Streptomyces sp.,NRRL B-1677,Scaffold,1,1,0
GCF_017968905.1,Streptomyces sp.,LBUM 1487,Contig,6,4,15
GCF_000974985.2,Streptomyces mangrovisoli,MUSC 149,Contig,1,1,0
GCF_003989035.1,Streptomyces sp.,NP10,Contig,1,1,8
GCF_001905345.1,Streptomyces uncialis,DCA2648,Scaffold,1,1,2
GCF_009709575.1,Streptomyces taklimakanensis,TRM43335,Contig,6,3,0
GCF_004798565.1,Streptomyces sp.,Akac8,Contig,1,1,3
GCF_003367645.1,Streptomyces sp.,B2014 011-12,Contig,1,1,20
GCF_016031615.1,Streptomyces pactum,ATCC 27456,Contig,6,1,0
GCF_014281095.1,Streptomyces sp.,CBG9,Contig,7,1,32
GCF_000340845.1,Streptomyces hygroscopicus,TL01,Complete,6,3,3
GCF_900091315.1,Streptomyces sp.,DI166,Contig,1,1,0
GCF_009796285.1,Streptomyces broussonetiae,T44,Complete,6,1,0
GCF_001983975.1,Streptomyces autolyticus,CGMCC0516,Complete,6,4,5
GCF_001905575.1,Streptomyces sp.,CB00072,Scaffold,1,1,20
GCF_009862625.1,Streptomyces sp.,SID69,Contig,1,1,1
GCF_000382745.1,Streptomyces sp.,DvalAA-83,Contig,1,1,1
GCF_014205315.1,Streptomyces rapamycinicus,DSM 41530,Contig,6,2,1
GCF_005981965.1,Streptomyces chryseus,DSM 40431,Contig,1,1,1
GCF_009811555.1,Streptomyces caniferus,NBRC 15389,Contig,7,1,2
GCF_001905405.1,Streptomyces sp.,TSRI0445,Scaffold,1,1,4
GCF_000332625.1,Streptomyces viridochromogenes,Tue57,Contig,1,1,1
GCF_001514305.1,Streptomyces dysideae,RV15,Scaffold,1,1,0
GCF_000715845.1,Streptomyces monomycini,NRRL B-24309,Scaffold,1,1,0
GCF_015912895.1,Streptomyces clavuligerus,NRRL 3585,Contig,1,1,26
GCF_009377185.1,Streptomyces spongiae,NBRC 106415,Contig,1,1,0
GCF_001756925.1,Streptomyces fradiae,Olg4R,Contig,1,1,2
GCF_001419745.1,Streptomyces silaceus,NRRL B-24166,Scaffold,1,1,0
GCF_014873495.1,Streptomyces stelliscabiei,DSM 41803,Contig,6,1,2
GCF_900103455.1,Streptomyces wuyuanensis,CGMCC 4.7042,Scaffold,1,1,0
GCF_001513955.1,Streptomyces pseudovenezuelae,DSM 40212,Scaffold,1,1,1
GCF_014284425.1,Streptomyces buecherae,AC563,Contig,1,1,2
GCF_014650615.1,Streptomyces albaduncus,JCM 4715,Scaffold,1,1,1
GCF_004123705.1,Streptomyces sp.,GZWMJZ-114,Scaffold,1,1,0
GCF_005047355.1,Streptomyces sp.,NEAU-C40,Scaffold,1,1,0
GCF_013363735.1,Streptomyces sp.,CAI-155,Contig,1,1,0
GCF_009811595.1,Streptomyces libani,NBRC 13452,Contig,7,2,3
GCF_001550215.1,Streptomyces scabiei,85-08,Contig,5,1,15
GCF_000262345.1,Streptomyces xiaopingdaonensis,DUT 180,Contig,1,1,0
GCF_002189675.2,Streptomyces alboflavus,MDJK44,Complete,6,3,0
GCF_016906205.1,Streptomyces californicus,FDAARGOS_1212,Complete,6,2,14
GCF_009863125.1,Streptomyces sp.,SID4936,Contig,1,1,1
GCF_002005225.1,Streptomyces pactum,ACT12,Complete,6,1,0
GCF_001866645.1,Streptomyces colonosanans,MUSC 93,Contig,1,1,0
GCF_003947555.1,Streptomyces sp.,WAC 05379,Contig,1,1,0
GCF_001636945.1,Streptomyces sp.,FXJ1.172,Contig,1,1,0
GCF_013870535.1,Streptomyces sp.,PIP175,Contig,1,1,0
GCF_007050945.1,Streptomyces sp.,B201691-2A2,Scaffold,1,1,0
GCF_003122365.1,Streptomyces spongiicola,HNM0071,Complete,6,2,0
GCF_002803065.1,Streptomyces sp.,CB01635,Scaffold,1,1,0
GCF_014650155.1,Streptomyces purpurascens,JCM 4509,Scaffold,1,1,0
GCF_001427565.1,Streptomyces sp.,Root63,Scaffold,1,1,18
GCF_015912455.1,Streptomyces clavuligerus,BW0219,Contig,1,1,26
GCF_001577385.1,Streptomyces albidoflavus,SM254,Complete,7,2,37
GCF_001049855.1,Streptomyces sp.,Wb2n-11,Contig,7,6,0
GCF_001513985.1,Streptomyces griseorubiginosus,DSM 40125,Scaffold,1,1,2
GCF_002155725.1,Streptomyces scabiei,NRRL B-2801,Scaffold,1,1,2
GCF_001746465.1,Streptomyces agglomeratus,5-1-3,Contig,7,1,3
GCF_016906265.1,Streptomyces californicus,FDAARGOS_1210,Complete,6,2,14
GCF_011007525.1,Streptomyces coelicoflavus,F13,Contig,1,1,4
GCF_014653855.1,Streptomyces capitiformicae,CGMCC 4.7403,Scaffold,1,1,0
GCF_016909575.1,Streptomyces sp.,HB132,Contig,1,1,0
GCF_018619135.1,Streptomyces sp.,McG7,Contig,1,1,3
GCF_004000405.1,Streptomyces sp.,B27,Contig,1,1,13
GCF_016876065.1,Streptomyces sioyaensis,B-5408,Contig,6,3,1
GCF_001484565.1,Streptomyces sp.,CdTB01,Complete,6,2,0
GCF_014648635.1,Streptomyces cinerochromogenes,JCM 3385,Scaffold,1,1,0
GCF_014451325.2,Streptomyces sp.,CB02980,Scaffold,1,1,0
GCF_017968965.1,Streptomyces sp.,LBUM 1486,Contig,6,2,15
GCF_001905705.1,Streptomyces sp.,CB02460,Scaffold,1,1,0
GCF_018619155.1,Streptomyces sp.,McG8,Contig,1,1,3
GCF_014648795.1,Streptomyces cinnamonensis,JCM 4019,Scaffold,1,1,22
GCF_003933485.1,Streptomyces griseofuscus,199,Scaffold,1,1,13
GCF_013009255.1,Streptomyces sp.,Z423-1,Complete,6,6,0
GCF_013363675.1,Streptomyces sp.,CAI-24,Contig,1,1,13
GCF_018255875.1,Streptomyces lavendulae,Del-LP,Complete,7,4,6
GCF_018982965.1,Streptomyces sp.,A108,Contig,1,1,0
GCF_002591335.1,Streptomyces malaysiensis,DSM 4137,Complete,6,6,6
GCF_003814765.1,Streptomyces sp.,TLI_185,Contig,6,1,0
GCF_003851665.1,Streptomyces albulus,NBRC 14147,Contig,7,2,3
GCF_014203545.1,Streptomyces netropsis,CECT 3265,Scaffold,1,1,0
GCF_006716135.1,Streptomyces asterosporus,DSM 41452,Complete,3,1,1
GCF_009832925.1,Streptomyces sp.,Tu 2975,Complete,6,2,0
GCF_000719605.1,Streptomyces sp.,NRRL S-1813,Contig,1,1,0
GCF_006788935.1,Streptomyces cavourensis,DSM 41795,Contig,6,1,13
GCF_016860525.1,Streptomyces achromogenes,NBRC 14000,Contig,6,3,0
GCF_001700515.1,Streptomyces lushanensis,NRRL B-24994,Scaffold,1,1,0
GCF_000816485.1,Streptomyces sp.,MUSC 125,Contig,1,1,2
GCF_900129855.1,Streptomyces sp.,3124.6,Chromosome,6,1,0
GCF_014205035.1,Streptomyces nodosus,DSM 40109,Contig,6,2,3
GCF_001865795.1,Streptomyces albidoflavus,OsiLf-2,Scaffold,1,1,0
GCF_013409565.1,Streptomyces fulvorobeus,DSM 41455,Contig,6,2,9
GCF_002237655.1,Streptomyces sp.,XY006,Contig,1,1,0
GCF_014645895.1,Streptomyces daqingensis,CGMCC 4.7178,Scaffold,1,1,0
GCF_009604385.1,Streptomyces sp.,RB5,Contig,1,1,0
GCF_016654115.1,Streptomyces sp.,MBT53,Contig,1,1,1
GCF_000717805.1,Streptomyces sp.,NRRL WC-3702,Contig,1,1,0
GCF_014649475.1,Streptomyces daghestanicus,JCM 4365,Scaffold,1,1,0
GCF_004794975.1,Streptomyces sp.,A1547,Contig,1,1,6
GCF_009735685.1,Streptomyces sp.,TRM 66187,Scaffold,1,1,1
GCF_014649655.1,Streptomyces humidus,JCM 4386,Scaffold,1,1,0
GCF_018138705.1,Streptomyces indonesiensis,DSM 41759,Contig,6,3,3
GCF_002128305.1,Streptomyces sp.,SCSIO 03032,Complete,5,1,0
GCF_000717345.1,Streptomyces lydicus,NRRL ISP-5461,Contig,1,1,0
GCF_000721955.1,Streptomyces sp.,NRRL S-481,Scaffold,1,1,2
GCF_000177195.2,Streptomyces sp.,SirexAA-E,Complete,6,2,9
GCF_002005565.1,Streptomyces sp.,JHA26,Contig,1,1,0
GCF_009834125.1,Streptomyces sp.,GS7,Complete,7,2,0
GCF_001553455.1,Streptomyces hygroscopicus,NBRC 13472,Contig,1,1,5
GCF_000092385.1,Streptomyces bingchenggensis,BCW-1,Complete,6,1,1
GCF_001282115.1,Streptomyces sp.,NRRL B-24085,Contig,1,1,1
GCF_000718165.1,Streptomyces fulvoviolaceus,NRRL B-2870,Contig,1,1,0
GCF_001729485.1,Streptomyces lydicus,103,Complete,7,1,5
GCF_014650935.1,Streptomyces subrutilus,JCM 4834,Scaffold,1,1,1
GCF_001905425.1,Streptomyces sp.,MJM1172,Scaffold,1,1,5
GCF_015710995.1,Streptomyces gardneri,ATCC 15439,Complete,7,1,2
GCF_019029505.1,Streptomyces sp.,Osf17,Contig,6,4,11
GCF_016919245.1,Streptomyces zhihengii,YIM T102,Scaffold,6,1,0
GCF_004196225.1,Streptomyces sp.,SCA2-2,Contig,1,1,0
GCF_002289335.1,Streptomyces albidoflavus,132,Contig,1,1,2
GCF_014748315.1,Streptomyces sp.,KD18,Scaffold,2,2,1
GCF_900091765.1,Streptomyces sp.,PalvLS-984,Contig,1,1,9
GCF_001419705.1,Streptomyces prasinus,NRRL B-2712,Scaffold,1,1,1
GCF_014596445.1,Streptomyces sp.,CBMA29,Contig,1,1,0
GCF_001865245.1,Streptomyces sp.,CC53,Scaffold,1,1,1
GCF_003721215.1,Streptomyces sp.,NEAU-LD23,Scaffold,1,1,0
GCF_018141485.1,Streptomyces alfalfae,XN-04,Chromosome,6,3,5
GCF_014649215.1,Streptomyces cavourensis,JCM 4298,Scaffold,1,1,13
GCF_000935135.2,Streptomyces sp.,MNU77,Contig,6,2,27
GCF_003391135.1,Streptomyces olivoreticuli,ATCC 31159,Complete,7,1,0
GCF_003112535.1,Streptomyces rishiriensis,NBRC 13407,Scaffold,1,1,0
GCF_001625365.1,Streptomyces sp.,MJM8645,Contig,12,4,0
GCF_014203505.1,Streptomyces eurocidicus,CECT 3259,Scaffold,1,1,2
GCF_005405965.1,Streptomyces avermitilis,NBRC 14893,Contig,6,2,5
GCF_013358135.1,Streptomyces lunaelactis,MM28,Contig,1,1,8
GCF_009862985.1,Streptomyces sp.,SID5464,Scaffold,1,1,3
GCF_006715185.1,Streptomyces sp.,RJA2910,Contig,6,2,0
GCF_900091745.1,Streptomyces sp.,DpondAA-D4,Contig,1,1,9
GCF_013302895.1,Streptomyces albus,NRRL B-24108,Scaffold,1,1,0
GCF_003116755.1,Streptomyces sp.,CS131,Scaffold,5,1,1
GCF_000414115.1,Streptomyces aurantiacus,JA 4570,Contig,1,1,0
GCF_013450295.1,Streptomyces sp.,AJS327,Contig,6,1,0
GCF_002150845.1,Streptomyces alboverticillatus,NRRL B-24281,Scaffold,1,1,2
GCF_007280585.1,Streptomyces sp.,MZ03-48,Contig,1,1,1
GCF_002192455.1,Streptomyces albireticuli,MDJK11,Complete,7,2,1
GCF_014203535.1,Streptomyces griseostramineus,CECT 3273,Scaffold,1,1,1
GCF_001514145.1,Streptomyces canus,DSM 40017,Scaffold,1,1,2
GCF_001746455.1,Streptomyces agglomeratus,9-3-15,Contig,7,1,3
GCF_009865545.1,Streptomyces sp.,SID2563,Contig,1,1,1
GCF_006516935.1,Streptomyces griseorubiginosus,BTU6,Complete,6,3,0
GCF_001190165.1,Streptomyces fradiae,olg1-1,Contig,1,1,2
GCF_900105265.1,Streptomyces sp.,3213,Contig,6,4,0
GCF_016612645.1,Streptomyces sp.,MBT61,Contig,1,1,16
GCF_017164735.1,Streptomyces bryophytorum,DSM 42138,Contig,1,1,1
GCF_000721595.1,Streptomyces sp.,NRRL S-325,Contig,1,1,18
GCF_014650495.1,Streptomyces cinnamoneus,JCM 4633,Scaffold,1,1,0
GCF_001514115.1,Streptomyces olivochromogenes,DSM 40451,Scaffold,1,1,2
GCF_004795115.1,Streptomyces sp.,A0592,Contig,1,1,0
GCF_002846415.1,Streptomyces sp.,TLI_146,Contig,7,4,0
GCF_014648875.1,Streptomyces parvus,JCM 4069,Scaffold,1,1,16
GCF_900215615.1,Streptomyces sp.,Ag82_G6-1,Contig,6,1,1
GCF_013085465.1,Streptomyces cacaoi,H2S5,Complete,6,2,0
GCF_018069625.1,Streptomyces yatensis,DSM 41771,Complete,6,5,0
GCF_015912945.1,Streptomyces clavuligerus,NCIMB 12785,Contig,1,1,26
GCF_016741775.1,Streptomyces actinomycinicus,RCU-197,Contig,1,1,0
GCF_001005295.1,Streptomyces yangpuensis,d2-tb,Scaffold,1,1,2
GCF_000725805.1,Streptomyces xanthophaeus,NRRL B-5414,Scaffold,1,1,12
GCF_001705785.1,Streptomyces hygroscopicus,OsiSh-2,Scaffold,1,1,0
GCF_001553475.1,Streptomyces hygroscopicus,NBRC 12859,Contig,1,1,5
GCF_003584815.1,Streptomyces scabiei,ST129,Contig,1,1,15
GCF_015910445.1,Streptomyces bathyalis,ASO4wet,Complete,6,5,0
GCF_004196155.1,Streptomyces albidoflavus,CGMCC 4.1615,Contig,1,1,9
GCF_014649255.1,Streptomyces thermoviolaceus,JCM 4312,Scaffold,1,1,0
GCF_000972435.1,Streptomyces sp.,MBT28,Scaffold,1,1,10
GCF_004328625.1,Streptomyces seoulensis,KCTC 9819,Complete,6,3,0
GCF_014596525.1,Streptomyces sp.,CBMA291,Contig,1,1,1
GCF_012273535.1,Streptomyces sp.,RLB1-33,Complete,6,3,6
GCF_014656215.1,Streptomyces zaomyceticus,JCM 4864,Contig,1,1,2
GCF_005519465.1,Streptomyces clavuligerus,ATCC 27064,Complete,6,2,26
GCF_003984925.1,Streptomyces sp.,WAC08401,Contig,1,1,10
GCF_000148465.1,Streptomyces clavuligerus,ATCC 27064,Chromosome,3,1,26
GCF_016612725.1,Streptomyces sp.,MBT54,Contig,1,1,1
GCF_000403665.1,Streptomyces lividans,1326,Chromosome,3,3,12
GCF_014596915.1,Streptomyces sp.,TRM68416,Contig,1,1,0
GCF_001746415.1,Streptomyces agglomeratus,6-3-2,Contig,7,2,3
GCF_018614095.1,Streptomyces sp.,SL-87,Scaffold,1,1,1
GCF_007829885.1,Streptomyces brevispora,DSM 42059,Contig,6,2,2
GCF_014655295.1,Streptomyces fumanus,JCM 4477,Scaffold,1,1,0
GCF_001279655.1,Streptomyces sp.,WM6372,Contig,1,1,6
GCF_009296025.1,Streptomyces tsukubensis,AT3,Complete,6,2,1
GCF_003116715.1,Streptomyces sp.,CS081A,Scaffold,1,1,5
GCF_001005085.2,Streptomyces humi,MUSC 119,Contig,1,1,0
GCF_012927245.1,Streptomyces sp.,R302,Scaffold,1,1,1
GCF_008642315.1,Streptomyces venezuelae,ATCC 14584,Complete,6,1,0
GCF_004305975.1,Streptomyces otsuchiensis,OTB305,Scaffold,1,1,2
GCF_002910795.1,Streptomyces sp.,SM9,Scaffold,5,1,32
GCF_015767735.1,Streptomyces clavuligerus,F1D1,Complete,6,2,26
GCF_004337435.2,Streptomyces sp.,KM273126,Contig,6,2,0
GCF_013030945.1,Streptomyces morookaense,DSM 40503,Contig,1,1,0
GCF_003074055.1,Streptomyces nigra,452,Complete,6,1,0
GCF_000725555.1,Streptomyces erythrochromogenes,NRRL B-2112,Scaffold,1,1,2
GCF_012273495.1,Streptomyces sp.,RPA4-5,Chromosome,7,3,2
GCF_001905645.1,Streptomyces sp.,CB02115,Scaffold,1,1,20
GCF_001905525.1,Streptomyces sp.,TSRI0395,Scaffold,1,1,0
GCF_009865135.1,Streptomyces sp.,SID8374,Contig,6,2,37
GCF_000935185.3,Streptomyces albulus,CK-15,Complete,7,2,3
GCF_015767855.1,Streptomyces clavuligerus,F1D18,Complete,6,2,26
GCF_009863165.1,Streptomyces sp.,SID4939,Contig,1,1,8
GCF_006974005.1,Streptomyces malaysiensis,DSM 4137,Complete,6,6,3
GCF_014930365.1,Streptomyces sp.,NE06-02D,Scaffold,1,1,5
GCF_002078175.1,Streptomyces sp.,M41,Contig,6,1,0
GCF_002155765.1,Streptomyces scabiei,NRRL B-24093,Scaffold,1,1,5
GCF_008704995.1,Streptomyces nodosus,ATCC 14899,Complete,6,2,3
GCF_005490965.1,Streptomyces sp.,SGAir0924,Complete,6,2,10
GCF_900091905.1,Streptomyces sp.,OspMP-M43,Scaffold,1,1,7
GCF_001723075.1,Streptomyces niveus,NRRL 2449,Scaffold,1,1,0
GCF_002154555.1,Streptomyces murinus,NRRL B-2286,Scaffold,1,1,13
GCF_008704445.1,Streptomyces prasinus,ATCC 13879,Complete,6,4,1
GCF_001279725.1,Streptomyces sp.,WM4235,Contig,1,1,0
GCF_004125245.1,Streptomyces lydicus,ATCC 25470,Contig,7,1,5
GCF_001700505.1,Streptomyces mutomycini,NRRL B-65393,Scaffold,1,1,3
GCF_000722185.1,Streptomyces sp.,NRRL S-15,Scaffold,1,1,3
GCF_009863095.1,Streptomyces sp.,SID4950,Contig,1,1,1
GCF_000721255.1,Streptomyces avellaneus,NRRL B-3447,Contig,1,1,0
GCF_001184025.1,Streptomyces sp.,NBRC 110468,Scaffold,1,1,0
GCF_014138545.1,Streptomyces aureorectus,DSM 41692,Contig,8,4,1
GCF_008632955.1,Streptomyces tendae,139,Complete,6,6,0
GCF_014650175.1,Streptomyces termitum,JCM 4518,Contig,1,1,0
GCF_900091875.1,Streptomyces sp.,BpilaLS-43,Contig,1,1,8
GCF_001550225.1,Streptomyces scabiei,95-18,Contig,6,1,15
GCF_008642355.1,Streptomyces venezuelae,ATCC 14583,Complete,6,1,1
GCF_011751035.2,Streptomyces sp.,MBT27,Complete,8,4,0
GCF_002188345.1,Streptomyces sp.,CS057,Scaffold,10,1,18
GCF_004195895.1,Streptomyces albidoflavus,Ma24,Contig,1,1,32
GCF_007113405.2,Streptomyces sp.,RLB1-8,Complete,6,1,13
GCF_010548275.1,Streptomyces sp.,SID12488,Contig,1,1,1
GCF_004524875.1,Streptomyces sp.,S501,Complete,6,6,18
GCF_009863285.1,Streptomyces sp.,SID4921,Scaffold,1,1,4
GCF_019090105.1,Streptomyces sp.,BV129,Contig,1,1,1
GCF_001974775.1,Streptomyces sp.,WAC00263,Contig,6,2,15
GCF_008086975.1,Streptomyces sp.,WAC5950 substr. delta orf15 pCRISPomyces,Scaffold,1,1,22
GCF_001294335.1,Streptomyces chattanoogensis,NRRL ISP-5002,Contig,1,1,5
GCF_015767755.1,Streptomyces clavuligerus,F1D4,Complete,6,2,26
GCF_001767375.1,Streptomyces olivaceus,KLBMP 5084,Complete,6,2,3
GCF_002154505.1,Streptomyces carpinensis,NRRL B-16921,Scaffold,1,1,0
GCF_004195935.1,Streptomyces albidoflavus,CR33,Contig,1,1,32
GCF_014621695.1,Streptomyces sp.,CRXT-Y-14,Complete,7,4,0
GCF_009789635.1,Streptomyces sp.,QHH-9511,Complete,6,1,0
GCF_007280575.1,Streptomyces sp.,MZ03-37,Contig,1,1,1
GCF_008704495.1,Streptomyces kanamyceticus,ATCC 12853,Complete,6,2,0
GCF_003671735.1,Streptomyces sp.,E1N211,Scaffold,1,1,4
GCF_001270495.1,Streptomyces viridochromogenes,NRRL 3413,Contig,1,1,2
GCF_018310575.1,Streptomyces sp.,V17-9,Complete,6,3,5
GCF_002154275.1,Streptomyces antimycoticus,NRRL B-24289,Scaffold,1,1,2
GCF_012273515.1,Streptomyces sp.,RPA4-2,Complete,6,5,0
GCF_014649875.1,Streptomyces rubiginosohelvolus,JCM 4415,Scaffold,1,1,8
GCF_001418545.1,Streptomyces albus,NRRL B-1335,Scaffold,1,1,3
GCF_003143935.1,Streptomyces sp.,Act143,Scaffold,1,1,0
GCF_016624005.1,Streptomyces sp.,RB110-1,Contig,6,1,13
GCF_002156095.1,Streptomyces sp.,NRRL B-24085,Scaffold,1,1,1
GCF_017969005.1,Streptomyces sp.,LBUM 1483,Contig,6,4,15
GCF_018614515.1,Streptomyces sp.,SL-111,Scaffold,1,1,18
GCF_006229535.1,Streptomyces rimosus,WT5260,Complete,7,1,9
GCF_009604455.1,Streptomyces sp.,RB17,Scaffold,1,1,0
GCF_009299385.1,Streptomyces cinereoruber,ATCC 19740,Complete,6,2,5
GCF_013364315.1,Streptomyces fulvissimus,NA06532,Complete,6,1,9
GCF_002154675.1,Streptomyces reticuliscabiei,NRRL B-24446,Scaffold,1,1,0
GCF_013364335.1,Streptomyces sp.,NA00687,Complete,6,1,2
GCF_013363455.1,Streptomyces sp.,CAI-121,Contig,1,1,16
GCF_001189025.1,Streptomyces europaeiscabiei,NCPPB 4064,Scaffold,1,1,18
GCF_001418135.1,Streptomyces aureus,NRRL B-2808,Scaffold,1,1,0
GCF_002019855.1,Streptomyces antibioticus,DSM 41481,Chromosome,6,1,1
GCF_015912975.1,Streptomyces clavuligerus,BW0218,Contig,1,1,26
GCF_003568675.1,Streptomyces sporangiiformans,NEAU-SSA 1,Contig,1,1,1
GCF_000721045.1,Streptomyces rimosus,NRRL B-2626,Contig,1,1,9
GCF_000091305.1,Streptomyces scabiei,87.22,Complete,6,2,15
GCF_001427245.1,Streptomyces sp.,Root55,Scaffold,1,1,3
GCF_009846825.1,Streptomyces sp.,FR-008,Scaffold,1,1,32
GCF_002803075.1,Streptomyces sp.,CB01373,Scaffold,1,1,0
GCF_002094995.1,Streptomyces sp.,S8,Complete,6,4,4
GCF_015708605.1,Streptomyces clavuligerus,ATCC 27064,Complete,6,2,26
GCF_001748165.1,Streptomyces sp.,SPMA113,Scaffold,1,1,4
GCF_000721945.1,Streptomyces sp.,NRRL WC-3774,Scaffold,1,1,1
GCF_003949695.1,Streptomyces sp.,WAC05858,Contig,1,1,0
GCF_009862685.1,Streptomyces sp.,SID685,Contig,2,1,13
GCF_001653515.1,Streptomyces sp.,ERV7,Contig,2,1,0
GCF_001513965.1,Streptomyces cellostaticus,DSM 40189,Scaffold,1,1,0
GCF_000718955.1,Streptomyces sp.,NRRL S-575,Contig,1,1,7
GCF_016905445.1,Streptomyces sp.,G44,Scaffold,1,1,0
GCF_001751345.1,Streptomyces abyssalis,SCSIO 10389,Scaffold,3,1,0
GCF_016834575.1,Streptomyces sp.,S-9,Scaffold,2,2,1
GCF_015912465.1,Streptomyces clavuligerus,BW0220,Contig,1,1,26
GCF_001748085.1,Streptomyces sp.,TP-A0874,Scaffold,1,1,0
GCF_000495755.1,Streptomyces sp.,PVA 94-07,Chromosome,7,2,8
GCF_009834105.1,Streptomyces sp.,GF20,Complete,7,3,32
GCF_001886595.1,Streptomyces venezuelae,NRRL B-65442,Complete,7,3,3
GCF_900230275.1,Streptomyces sp.,OV198,Contig,6,1,1
GCF_018070175.1,Streptomyces sp.,RK74B,Contig,1,1,1
GCF_003970715.1,Streptomyces luteoverticillatus,CGMCC 15060,Complete,7,1,0
GCF_000590515.1,Streptomyces sp.,PRh5,Contig,1,1,0
GCF_003268555.1,Streptomyces sp.,ST1020,Contig,1,1,2
GCF_013363485.1,Streptomyces sp.,KAI-27,Contig,1,1,8
GCF_013358325.1,Streptomyces lunaelactis,MM51,Contig,1,1,8
GCF_009862355.1,Streptomyces sp.,SID7834,Contig,1,1,18
GCF_013358305.1,Streptomyces lunaelactis,MM37,Contig,1,1,8
GCF_016464295.1,Streptomyces sp.,N35,Scaffold,1,1,0
GCF_000009765.2,Streptomyces avermitilis,MA-4680,Complete,6,1,5
GCF_000980885.2,Streptomyces malaysiense,MUSC 136,Contig,1,1,0
GCF_012034385.1,Streptomyces sp.,ventii,Scaffold,1,1,0
GCF_004795255.1,Streptomyces sp.,RKND-216,Contig,6,2,0
GCF_000717895.1,Streptomyces sp.,NRRL WC-3744,Contig,1,1,0
GCF_900105705.1,Streptomyces griseus,DSM 40236,Contig,6,1,7
GCF_003688995.1,Streptomyces shenzhenensis,193,Contig,1,1,0
GCF_002188335.1,Streptomyces sp.,CS159,Scaffold,11,1,3
GCF_008905045.1,Streptomyces albicerus,TRM68295,Scaffold,1,1,0
GCF_008704935.1,Streptomyces vinaceus,ATCC 27476,Complete,7,2,6
GCF_000738695.1,Streptomyces scabiei,NCPPB 4086,Scaffold,1,1,4
GCF_017933235.1,Streptomyces sp.,LBUM 1480,Complete,6,2,15
GCF_014650295.1,Streptomyces caelestis,JCM 4566,Scaffold,1,1,1
GCF_000316095.1,Streptomyces viridosporus,T7A,Scaffold,1,1,0
GCF_000237305.1,Streptomyces cattleya,NRRL 8057,Complete,6,4,2
GCF_018619575.1,Streptomyces sp.,CBG30,Contig,5,4,14
GCF_004795155.1,Streptomyces sp.,LRa12,Contig,1,1,4
GCF_000725745.1,Streptomyces aureocirculatus,NRRL ISP-5401,Scaffold,1,1,0
GCF_012033735.1,Streptomyces lonarensis,NCL716,Scaffold,1,1,0
GCF_014701115.1,Streptomyces glomeroaurantiacus,JCM 4677,Complete,6,2,0
GCF_002777535.1,Streptomyces peucetius,ATCC 27952,Complete,6,3,0
GCF_009866455.1,Streptomyces griseus,CGMCC 4.18,Scaffold,1,1,7
GCF_004124325.1,Streptomyces sp.,L2,Contig,6,2,0
GCF_001279845.1,Streptomyces sp.,XY533,Contig,1,1,22
GCF_008704855.1,Streptomyces platensis,ATCC 23948,Complete,7,3,3
GCF_900091825.1,Streptomyces sp.,SolWspMP-sol7th,Contig,1,1,3
GCF_008974245.1,Streptomyces abyssomicinicus,CHI39,Scaffold,1,1,0
GCF_016755835.1,Streptomyces cinnamonensis,NBRC 15873,Contig,6,1,22
GCF_014655085.1,Streptomyces gardneri,JCM 4375,Contig,1,1,2
GCF_000299175.2,Streptomyces sp.,SM8,Scaffold,1,1,32
GCF_016612805.1,Streptomyces sp.,MBT97,Scaffold,1,1,2
GCF_014673495.1,Streptomyces griseofuscus,DSM 40191,Complete,7,1,13
GCF_014655335.1,Streptomyces griseus,JCM 4516,Scaffold,1,1,4
GCF_014650775.1,Streptomyces cirratus,JCM 4738,Contig,1,1,0
GCF_000404005.1,Streptomyces sp.,FXJ7.023,Contig,1,1,0
GCF_017968935.1,Streptomyces sp.,LBUM 1488,Contig,6,3,15
GCF_017948485.1,Streptomyces sp.,GESEQ-35,Contig,1,1,0
GCF_000147815.2,Streptomyces violaceusniger,Tu 4113,Complete,6,4,0
GCF_019056675.1,Streptomyces sp.,GMY02,Complete,6,4,0
GCF_009936315.1,Streptomyces antimycoticus,NBRC 100767,Complete,6,4,2
GCF_009862845.1,Streptomyces sp.,SID6139,Contig,1,1,13
GCF_001278095.1,Streptomyces sp.,CFMR-7,Complete,6,5,2
GCF_002017835.1,Streptomyces avermitilis,MJM 7007,Contig,6,2,5
GCF_018619515.1,Streptomyces sp.,CYG21,Contig,6,5,14
GCF_014650795.1,Streptomyces coelescens,JCM 4739,Scaffold,1,1,0
GCF_002941025.1,Streptomyces sp.,QL37,Scaffold,6,1,4
GCF_018614475.1,Streptomyces sp.,SL-21,Scaffold,1,1,1
GCF_017315755.1,Streptomyces beijiangensis,DSM 41794,Scaffold,1,1,0
GCF_001279445.1,Streptomyces sp.,WM6349,Contig,1,1,22
GCF_014651075.1,Streptomyces djakartensis,JCM 4957,Scaffold,1,1,0
GCF_000716025.1,Streptomyces baarnensis,NRRL B-2842,Scaffold,1,1,4
GCF_004212445.1,Streptomyces alfalfae,XY25,Contig,1,1,5
GCF_006539505.1,Streptomyces spinoverrucosus,NBRC 14228,Contig,1,1,0
GCF_001723115.1,Streptomyces griseus,NRRL B-2165,Scaffold,1,1,7
GCF_900215565.1,Streptomyces sp.,Ag109_G2-15,Contig,6,2,0
GCF_003573485.1,Streptomyces fradiae,NKZ-259,Complete,6,1,5
GCF_003428925.1,Streptomyces koyangensis,VK-A60T,Complete,7,5,2
GCF_014649535.1,Streptomyces gelaticus,JCM 4376,Scaffold,1,1,0
GCF_003675325.1,Streptomyces sp.,Z022,Complete,6,3,0
GCF_014138905.1,Streptomyces murinus,DSM 40710,Contig,7,1,13
GCF_000373405.1,Streptomyces sp.,ScaeMP-e10,Scaffold,1,1,20
GCF_014930405.1,Streptomyces sp.,NE06-02F,Scaffold,1,1,5
GCF_016612545.1,Streptomyces sp.,MBT65,Contig,1,1,0
GCF_009495655.1,Streptomyces sp.,SYP-A7193,Complete,6,2,3
GCF_002080455.1,Streptomyces sp.,Sge12,Complete,7,1,12
GCF_003268535.2,Streptomyces sp.,ST1015,Complete,6,3,2
GCF_016612775.1,Streptomyces sp.,MBT98,Scaffold,1,1,1
GCF_015912925.1,Streptomyces clavuligerus,ATCC 27064,Contig,1,1,26
GCF_016653995.1,Streptomyces sp.,MBT58,Contig,1,1,9
GCF_014905555.1,Streptomyces sp.,Y2F8-2,Contig,1,1,1
GCF_014852655.1,Streptomyces sp.,D-01-6.2a,Scaffold,1,1,2
GCF_002300355.1,Streptomyces sp.,TLI_235,Contig,9,5,0
GCF_003330845.1,Streptomyces sp.,Go-475,Complete,6,3,0
GCF_900105515.1,Streptomyces sp.,2131.1,Contig,6,1,0
GCF_001514135.1,Streptomyces avermitilis,DSM 46492,Scaffold,1,1,5
GCF_000718705.1,Streptomyces lavendulae,NRRL WC-3542,Contig,1,1,22
GCF_001984445.1,Streptomyces lydicus,GS93,Complete,7,2,5
GCF_014649995.1,Streptomyces griseoflavus,JCM 4479,Scaffold,1,1,0
GCF_016654065.1,Streptomyces sp.,MBT59,Scaffold,1,1,16
GCF_000720455.1,Streptomyces virginiae,NRRL ISP-5094,Contig,1,1,22
GCF_003949895.1,Streptomyces sp.,WAC04770,Contig,1,1,13
GCF_002946835.1,Streptomyces dengpaensis,XZHG99,Complete,6,2,0
GCF_016741855.1,Streptomyces sp.,CH5-8,Contig,1,1,0
GCF_003287935.1,Streptomyces sp.,CC1,Chromosome,1,1,1
GCF_013317105.1,Streptomyces coelicolor,M1154/pAMX4/pGP1416,Complete,6,3,12
GCF_013912435.1,Streptomyces himalayensis,PSKA54,Contig,1,1,0
GCF_000403765.2,Streptomyces albulus,CCRC 11814,Contig,1,1,3
GCF_000376565.1,Streptomyces hokutonensis,R1-NS-10,Contig,1,1,0
GCF_003851625.1,Streptomyces sp.,NL15-2K,Scaffold,1,1,0
GCF_009865465.1,Streptomyces sp.,SID1,Contig,6,2,9
GCF_002803845.1,Streptomyces lavendulae,CCM 3239,Complete,7,4,6
GCF_005405925.1,Streptomyces antimycoticus,NBRC 12839,Contig,6,6,2
GCF_003116795.1,Streptomyces sp.,CS207,Scaffold,3,2,10
GCF_002910815.1,Streptomyces sp.,FM008,Scaffold,7,1,0
GCF_001279965.1,Streptomyces sp.,MMG1064,Contig,1,1,22
GCF_013358155.1,Streptomyces lunaelactis,MM25,Contig,1,1,8
GCF_014650955.1,Streptomyces tauricus,JCM 4837,Scaffold,1,1,0
GCF_013357935.1,Streptomyces lunaelactis,MM126,Contig,1,1,8
GCF_001279605.1,Streptomyces sp.,NRRL F-4707,Contig,1,1,0
GCF_001417695.1,Streptomyces sp.,JHA19,Contig,1,1,0
GCF_000719195.1,Streptomyces californicus,NRRL B-2895,Contig,1,1,0
GCF_014207295.1,Streptomyces sp.,AK010,Scaffold,1,1,0
GCF_009852415.1,Streptomyces sp.,Tu 3180,Contig,6,2,0
GCF_001735805.1,Streptomyces fodineus,TW1S1,Complete,6,2,0
GCF_015767915.1,Streptomyces clavuligerus,F1D35,Complete,6,2,26
GCF_003947455.1,Streptomyces sp.,WAC 04229,Contig,1,1,0
GCF_007113545.2,Streptomyces sp.,RLB3-6,Chromosome,6,2,13
GCF_014656235.1,Streptomyces glebosus,JCM 4954,Scaffold,1,1,0
GCF_004522685.1,Streptomyces sp.,H23,Scaffold,1,1,4
GCF_003584825.1,Streptomyces europaeiscabiei,ST1229,Contig,1,1,0
GCF_014930355.1,Streptomyces sp.,ND05-3B,Scaffold,1,1,5
GCF_000239075.1,Streptomyces sp.,W007,Contig,1,1,20
GCF_018619495.1,Streptomyces sp.,COG21,Contig,7,5,14
GCF_001278075.1,Streptomyces pristinaespiralis,HCCB 10218,Complete,6,1,1
GCF_002155915.1,Streptomyces thermovulgaris,NRRL B-12375,Scaffold,1,1,0
GCF_000721365.1,Streptomyces sp.,NRRL F-5650,Contig,1,1,0
GCF_003032475.1,Streptomyces sp.,P3,Complete,6,1,0
GCF_001542625.1,Streptomyces griseochromogenes,ATCC 14511,Complete,6,1,1
GCF_004115015.1,Streptomyces sp.,MG,Contig,6,1,2
GCF_001543925.1,Streptomyces thermoautotrophicus,H1,Scaffold,2,2,2
GCF_003963535.1,Streptomyces cyaneochromogenes,MK-45,Complete,6,1,0
GCF_013358335.1,Streptomyces lunaelactis,MM22,Contig,1,1,8
GCF_008642275.1,Streptomyces venezuelae,ATCC 21018,Complete,7,2,12
GCF_003610995.1,Streptomyces griseus,ATCC 13273,Complete,6,2,9
GCF_003865155.1,Streptomyces rimosus,NBRC 15454,Contig,7,2,1
GCF_000725645.1,Streptomyces sp.,NRRL F-5635,Scaffold,1,1,2
GCF_001008135.1,Streptomyces stelliscabiei,NRRL B-24447,Scaffold,1,1,2
GCF_900079405.2,Streptomyces sp.,,Scaffold,1,1,3
GCF_002154385.1,Streptomyces albovinaceus,NRRL B-2566,Scaffold,1,1,8
GCF_002007685.1,Streptomyces sp.,d1-xmd,Complete,7,2,4
GCF_013870495.1,Streptomyces sp.,W18L9,Contig,1,1,0
GCF_000720765.1,Streptomyces sp.,NRRL S-646,Contig,1,1,0
GCF_018619555.1,Streptomyces sp.,COG19,Contig,10,7,14
GCF_004334925.1,Streptomyces sp.,BTA2,Contig,6,5,14
GCF_014650535.1,Streptomyces galbus,JCM 4639,Scaffold,1,1,0
GCF_003236365.1,Streptomyces sp.,NTH33,Contig,1,1,0
GCF_004151105.1,Streptomyces sp.,L-9-10,Scaffold,1,1,0
GCF_009863175.1,Streptomyces sp.,SID4934,Contig,1,1,32
GCF_013358115.1,Streptomyces lunaelactis,MM29,Contig,1,1,8
GCF_002090335.1,Streptomyces sp.,MOE7,Complete,7,2,5
GCF_014656075.1,Streptomyces hydrogenans,JCM 4771,Scaffold,1,1,0
GCF_018614135.1,Streptomyces sp.,SL-66,Scaffold,1,1,0
GCF_011170125.1,Streptomyces diastaticus,NBRC 13412,Contig,7,3,7
GCF_014648195.1,Streptomyces purpureus,JCM 3172,Scaffold,1,1,1
GCF_014650835.1,Streptomyces galilaeus,JCM 4757,Scaffold,1,1,0
GCF_000721335.1,Streptomyces sp.,NRRL S-1831,Contig,1,1,2
GCF_016916835.1,Streptomyces bryophytorum,DSM 42138,Contig,1,1,1
GCF_004125265.1,Streptomyces lydicus,ATCC 31975,Contig,7,1,3
GCF_004195965.1,Streptomyces albidoflavus,Ma1,Contig,1,1,32
GCF_001418585.1,Streptomyces griseoruber,NRRL B-1818,Scaffold,1,1,1
GCF_014650035.1,Streptomyces lucensis,JCM 4490,Scaffold,1,1,0
GCF_018614615.1,Streptomyces sp.,SL-100,Scaffold,1,1,1
GCF_001270675.1,Streptomyces griseus,NRRL B-2929,Contig,1,1,13
GCF_018728545.1,Streptomyces sp.,ATCC 21386,Scaffold,4,1,0
GCF_002705695.1,Streptomyces sp.,OspMP-M45,Scaffold,1,1,9
GCF_003950035.1,Streptomyces sp.,W1SF4,Complete,7,1,0
GCF_001660045.1,Streptomyces parvulus,2297,Complete,6,6,0
GCF_000719785.1,Streptomyces sp.,NRRL S-1314,Contig,1,1,1
GCF_900091755.1,Streptomyces sp.,TverLS-915,Contig,1,1,3
GCF_017916255.1,Streptomyces mobaraensis,DSM 40847,Complete,7,1,1
GCF_900236505.1,Streptomyces chartreusis,,Complete,6,1,3
GCF_013371965.1,Streptomyces sp.,CAI-17,Contig,1,1,32
GCF_001750785.1,Streptomyces rubrolavendulae,MJM4426,Complete,6,2,2
GCF_013046785.1,Streptomyces sp.,jing01,Complete,6,4,0
GCF_004348315.1,Streptomyces sp.,8K308,Contig,1,1,0
GCF_016755895.1,Streptomyces xanthophaeus,NBRC 12829,Contig,7,3,19
GCF_013357965.1,Streptomyces lunaelactis,MM115,Contig,1,1,8
GCF_018101125.2,Streptomyces sp.,P38-E01,Scaffold,5,1,0
GCF_016755855.1,Streptomyces nojiriensis,NBRC 13794,Contig,7,1,12
GCF_900090065.1,Streptomyces sp.,OspMP-M45,Scaffold,1,1,9
GCF_008704535.1,Streptomyces subrutilus,ATCC 27467,Complete,7,2,1
GCF_001419765.1,Streptomyces torulosus,NRRL B-3889,Scaffold,1,1,0
GCF_002910855.1,Streptomyces sp.,SM12,Scaffold,5,1,2
GCF_006335115.1,Streptomyces sp.,NP160,Scaffold,1,1,0
GCF_003454755.1,Streptomyces clavuligerus,F1D-5,Complete,6,1,26
GCF_002803085.1,Streptomyces sp.,CB01201,Scaffold,1,1,0
GCF_014650995.1,Streptomyces viridiviolaceus,JCM 4855,Scaffold,1,1,0
GCF_002939385.1,Streptomyces sp.,MH60,Scaffold,1,1,0
GCF_000719915.1,Streptomyces sp.,NRRL F-2890,Contig,1,1,0
GCF_900091855.1,Streptomyces sp.,DvalAA-14,Contig,1,1,1
GCF_003595545.1,Streptomyces sp.,11-1-2,Complete,6,1,0
GCF_900105415.1,Streptomyces sp.,TLI_105,Contig,7,3,0
GCF_000720875.1,Streptomyces globisporus,NRRL B-2293,Contig,1,1,0
GCF_000213055.1,Streptomyces sp.,Tu6071,Chromosome,6,3,3
GCF_018614075.1,Streptomyces sp.,SL-94,Scaffold,1,1,7
GCF_000966975.1,Streptomyces katrae,NRRL ISP-5550,Contig,1,1,0
GCF_008064995.1,Streptomyces rochei,7434AN4,Complete,7,1,13
GCF_018613915.1,Streptomyces sp.,SL-90,Scaffold,1,1,0
GCF_002847285.1,Streptomyces sp.,CMB-StM0423,Complete,5,3,0
GCF_000280865.2,Streptomyces auratus,AGR0001,Complete,6,1,4
GCF_001431765.1,Streptomyces sp.,FR-008,Complete,7,3,32
GCF_009863155.1,Streptomyces sp.,SID4928,Scaffold,6,4,7
GCF_001905905.1,Streptomyces sp.,CB02366,Scaffold,1,1,0
GCF_008124975.1,Streptomyces coelicolor,A3(2) R4-mCherry-17,Scaffold,1,1,12
GCF_002910905.1,Streptomyces sp.,SM11,Scaffold,1,1,0
GCF_009863235.1,Streptomyces sp.,SID4925,Scaffold,1,1,9
GCF_001905005.1,Streptomyces sp.,CB02923,Scaffold,1,1,0
GCF_009865425.1,Streptomyces sp.,SID3915,Contig,1,1,2
GCF_009862635.1,Streptomyces sp.,SID724,Contig,1,1,0
GCF_004795015.1,Streptomyces sp.,A1277,Contig,1,1,0
GCF_009867075.1,Streptomyces sp.,NHF165,Complete,6,3,2
GCF_006088715.1,Streptomyces sp.,YIM 121038,Complete,6,1,1
GCF_001941845.1,Streptomyces sp.,TN58,Complete,7,3,3
GCF_004803895.1,Streptomyces hawaiiensis,ATCC 12236,Complete,6,1,0
GCF_017969025.1,Streptomyces sp.,LBUM 1481,Contig,6,5,15
GCF_003721495.1,Streptomyces sp.,ADI95-16,Complete,7,3,0
GCF_000720505.1,Streptomyces sp.,NRRL S-146,Contig,1,1,0
GCF_000497445.1,Streptomyces roseochromogenus,DS 12.976,Chromosome,6,1,0
GCF_014656295.1,Streptomyces sulfonofaciens,JCM 5069,Scaffold,1,1,0
GCF_004795715.1,Streptomyces sp.,SS52,Complete,6,2,10
GCF_001514125.1,Streptomyces longwoodensis,DSM 41677,Scaffold,1,1,2
GCF_000707925.2,Streptomyces rimosus,R6-500,Chromosome,5,3,9
GCF_007113465.1,Streptomyces sp.,S1A1-3,Chromosome,6,3,15
GCF_900105695.1,Streptomyces melanosporofaciens,DSM 40318,Contig,6,5,2
GCF_016612625.1,Streptomyces sp.,MBT62,Contig,1,1,1
GCF_014197485.1,Streptomyces cinereoruber,NRRL ISP-5012,Scaffold,1,1,5
GCF_002288075.1,Streptomyces sp.,CLI2905,Complete,6,3,3
GCF_017876255.1,Streptomyces clavifer,DSM 40843,Contig,6,3,3
GCF_003955715.1,Streptomyces aquilus,GGCR-6,Complete,6,2,1
GCF_003265665.1,Streptomyces qinglanensis,172205,Scaffold,1,1,0
GCF_001746425.1,Streptomyces subrutilus,10-1-1,Contig,7,2,7
GCF_009862505.1,Streptomyces sp.,SID7805,Contig,1,1,2
GCF_004127445.1,Streptomyces alfalfae,XY25,Contig,6,1,5
GCF_001425805.1,Streptomyces sp.,Root369,Scaffold,1,1,2
GCF_014656135.1,Streptomyces thermodiastaticus,JCM 4840,Scaffold,1,1,0
GCF_003208035.1,Streptomyces actuosus,ATCC 25421,Complete,6,3,0
GCF_000718675.1,Streptomyces rimosus,NRRL WC-3930,Contig,1,1,1
GCF_009769735.1,Streptomyces sp.,BA2,Contig,6,1,0
GCF_001905385.1,Streptomyces sp.,CB02414,Scaffold,1,1,0
GCF_002154375.1,Streptomyces glaucescens,NRRL B-2706,Scaffold,1,1,0
GCF_017933115.1,Streptomyces sp.,LBUM 1482,Complete,6,3,15
GCF_016128295.1,Streptomyces alfalfae,Men-myco-93-63,Complete,6,2,5
GCF_014205255.1,Streptomyces caelestis,DSM 40084,Contig,6,1,1
GCF_003353555.1,Streptomyces sp.,HB202,Contig,6,2,8
GCF_017948455.1,Streptomyces sp.,GESEQ-4,Contig,1,1,0
GCF_001941275.1,Streptomyces acidiscabies,98-48,Contig,1,1,0
GCF_002794255.1,Streptomyces carminius,TRM SA0054,Scaffold,6,1,0
GCF_000720235.1,Streptomyces sp.,NRRL S-98,Contig,1,1,22
GCF_009569385.1,Streptomyces kaniharaensis,SF-557,Contig,10,3,0
GCF_003984785.1,Streptomyces sp.,WAC05374,Scaffold,1,1,0
GCF_017676385.1,Streptomyces sp.,DW4-2,Contig,1,1,0
GCF_004794175.1,Streptomyces sp.,1AS2c,Contig,1,1,4
GCF_001279935.1,Streptomyces sp.,GB124,Contig,1,1,22
GCF_000716945.1,Streptomyces albus,NRRL B-16041,Contig,1,1,0
GCF_014649895.1,Streptomyces rubiginosus,JCM 4416,Scaffold,1,1,0
GCF_900105465.1,Streptomyces sp.,PAN_FS17,Contig,6,2,5
GCF_000761215.1,Streptomyces glaucescens,GLA.O,Complete,6,1,0
GCF_001514285.1,Streptomyces sp.,DSM 15324,Scaffold,1,1,0
GCF_015912985.1,Streptomyces clavuligerus,BW0217,Contig,1,1,26
GCF_001685355.1,Streptomyces lincolnensis,NRRL 2936,Complete,6,3,2
GCF_003574445.1,Streptomyces sp.,YIM 130001,Scaffold,1,1,0
GCF_018070265.1,Streptomyces sp.,RK23,Contig,1,1,1
GCF_003984975.1,Streptomyces sp.,WAC08452,Contig,1,1,10
GCF_000721035.1,Streptomyces griseus,NRRL B-2621,Contig,1,1,0
GCF_007113445.1,Streptomyces sp.,RLB3-5,Chromosome,6,2,13
GCF_002300485.1,Streptomyces sp.,Ag82_O1-15,Contig,6,2,1
GCF_014701095.1,Streptomyces tuirus,JCM 4255,Complete,6,2,0
GCF_015912875.1,Streptomyces clavuligerus,DSM 738,Contig,1,1,26
GCF_017311125.1,Streptomyces sp.,M54,Complete,6,1,5
GCF_013363655.1,Streptomyces sp.,CAI 127,Contig,1,1,16
GCF_016521585.1,Streptomyces sp.,RB110-2,Contig,6,1,13
GCF_018070345.1,Streptomyces sp.,F63,Scaffold,1,1,0
GCF_016467295.1,Streptomyces costaricanus,Am1,Complete,7,2,13
GCF_018070205.1,Streptomyces sp.,RM72,Contig,1,1,0
GCF_004195945.1,Streptomyces albidoflavus,CR10,Contig,1,1,32
GCF_016612605.1,Streptomyces sp.,MBT72,Scaffold,1,1,16
GCF_001693675.1,Streptomyces clavuligerus,F613-1,Complete,6,1,26
GCF_900091885.1,Streptomyces sp.,ScaeMP-6W,Contig,1,1,32
GCF_000717845.1,Streptomyces violaceoruber,NRRL S-12,Contig,1,1,12
GCF_900105755.1,Streptomyces sp.,Ag109_O5-10,Contig,6,1,0
GCF_002082195.1,Streptomyces gilvosporeus,F607,Complete,6,2,0
GCF_000993785.3,Streptomyces xiamenensis,318,Complete,5,1,1
GCF_900215595.1,Streptomyces sp.,1222.2,Contig,6,1,2
GCF_000718915.1,Streptomyces sp.,NRRL WC-3540,Contig,1,1,13
GCF_001279485.1,Streptomyces sp.,XY511,Contig,1,1,22
GCF_014649435.1,Streptomyces chromofuscus,JCM 4354,Scaffold,2,2,0
GCF_000717285.1,Streptomyces rimosus,NRRL ISP-5260,Contig,1,1,9
GCF_014650355.1,Streptomyces michiganensis,JCM 4594,Scaffold,1,1,0
GCF_011006355.1,Streptomyces albus,CAS922,Complete,6,6,1
GCF_000719575.1,Streptomyces sp.,NRRL S-1824,Contig,1,1,0
GCF_016605905.1,Streptomyces sp.,XC 2026,Complete,5,4,1
GCF_003344445.1,Streptomyces lincolnensis,LC-G,Complete,6,3,2
GCF_001654495.1,Streptomyces sp.,SAT1,Complete,6,2,0
GCF_002082175.1,Streptomyces violaceoruber,S21,Complete,6,1,13
GCF_002802945.1,Streptomyces sp.,TSRI0384-2,Scaffold,1,1,7
GCF_018614415.1,Streptomyces sp.,SL-12,Scaffold,1,1,0
GCF_004193175.1,Streptomyces sp.,RFCAC02,Contig,5,4,0
GCF_001514045.1,Streptomyces canus,DSM 40275,Scaffold,1,1,2
GCF_900215305.1,Streptomyces sp.,OK228,Contig,6,3,17
GCF_013167895.1,Streptomyces fulvorobeus,NBRC 15897,Contig,6,2,9
GCF_015160875.1,Streptomyces chromofuscus,DSM 40273,Complete,6,6,0
GCF_001447075.1,Streptomyces hygroscopicus,KCTC 1717,Complete,6,5,3
GCF_004195955.1,Streptomyces albidoflavus,CR25,Contig,1,1,32
GCF_001418645.1,Streptomyces neyagawaensis,NRRL B-3092,Scaffold,1,1,0
GCF_000719745.1,Streptomyces sp.,NRRL F-6677,Contig,1,1,0
GCF_007113585.2,Streptomyces sp.,S1D4-20,Chromosome,6,2,13
GCF_009865305.1,Streptomyces sp.,SID4919,Scaffold,1,1,2
GCF_000411315.1,Streptomyces sp.,HGB0020,Scaffold,5,4,0
GCF_900105775.1,Streptomyces sp.,2112.3,Contig,7,3,5
GCF_014649335.1,Streptomyces roseolilacinus,JCM 4335,Scaffold,1,1,0
GCF_008704425.1,Streptomyces fradiae,ATCC 10745,Complete,6,2,2
GCF_007856155.1,Streptomyces qinzhouensis,SSL-25,Complete,6,1,0
GCF_008806595.1,Streptomyces sp.,HIT-DPA4,Scaffold,1,1,0
GCF_001642995.1,Streptomyces jeddahensis,G25,Contig,1,1,0
GCF_016803985.1,Streptomyces koyangensis,SCSIO 5802,Complete,7,2,2
GCF_001013905.1,Streptomyces leeuwenhoekii,C34 (= DSM 42122 = NRRL B-24963),Complete,6,3,2
GCF_002156145.1,Streptomyces sp.,NRRL B-24572,Scaffold,1,1,0
GCF_007896895.1,Streptomyces misionensis,66,Scaffold,6,1,3
GCF_000720325.1,Streptomyces sp.,NRRL B-1347,Contig,1,1,0
GCF_017876625.1,Streptomyces syringium,DSM 41480,Contig,7,2,1
GCF_005981935.1,Streptomyces chryseus,DSM 40420,Contig,1,1,1
GCF_008642295.1,Streptomyces venezuelae,ATCC 21782,Complete,6,2,0
GCF_000721185.1,Streptomyces griseolus,NRRL B-2925,Contig,1,1,9
GCF_000383595.1,Streptomyces bottropensis,ATCC 25435,Scaffold,6,1,5
GCF_014648935.1,Streptomyces diastaticus,JCM 4128,Scaffold,1,1,7
GCF_015912435.1,Streptomyces clavuligerus,NCIMB 14335,Contig,1,1,26
GCF_002286695.1,Streptomyces albireticuli,NRRL B-1670,Contig,1,1,1
GCF_001280015.1,Streptomyces sp.,MMG1121,Contig,1,1,0
GCF_002844215.1,Streptomyces sp.,EAG2,Contig,1,1,2
GCF_013358025.1,Streptomyces lunaelactis,MM113,Contig,1,1,8
GCF_000342125.1,Streptomyces mobaraensis,DSM 40847,Contig,1,1,1
GCF_014649635.1,Streptomyces griseostramineus,JCM 4385,Scaffold,1,1,1
GCF_001279495.1,Streptomyces sp.,H021,Contig,1,1,22
GCF_001514055.1,Streptomyces corchorusii,DSM 40340,Scaffold,1,1,3
GCF_000384175.1,Streptomyces purpureus,KA281,Scaffold,6,2,1
GCF_000720145.1,Streptomyces sp.,NRRL F-2747,Contig,1,1,6
GCF_003403055.1,Streptomyces sp.,AcE210,Contig,7,2,0
GCF_008705255.1,Streptomyces venezuelae,ATCC 10595,Complete,7,1,3
GCF_000647875.1,Streptomyces sp.,SolWspMP-sol2th,Scaffold,1,1,4
GCF_016804005.1,Streptomyces pratensis,S10,Complete,6,2,0
GCF_011290345.1,Streptomyces sp.,D38640,Chromosome,1,1,0
GCF_013363585.1,Streptomyces sp.,CAI-78,Contig,1,1,8
GCF_007595705.1,Streptomyces sp.,SAJ15,Contig,1,1,0
GCF_002154495.1,Streptomyces cacaoi,NRRL B-1220,Scaffold,1,1,2
GCF_008931305.1,Streptomyces coelicolor,CFB_NBC_0001,Complete,6,3,12
GCF_009865175.1,Streptomyces sp.,SID337,Contig,1,1,1
GCF_003248335.1,Streptomyces sp.,AC1-42T,Contig,5,1,1
GCF_013363715.1,Streptomyces sp.,CAI-21,Contig,1,1,32
GCF_009862475.1,Streptomyces sp.,SID4940,Contig,1,1,8
GCF_014648655.1,Streptomyces atratus,JCM 3386,Scaffold,1,1,2
GCF_013363615.1,Streptomyces sp.,CAI-85,Contig,1,1,1
GCF_004195995.1,Streptomyces albidoflavus,CR47,Contig,1,1,32
GCF_003355155.1,Streptomyces armeniacus,ATCC 15676,Chromosome,1,1,0
GCF_003627815.1,Streptomyces hundungensis,BH38,Complete,8,2,0
GCF_001704195.1,Streptomyces sampsonii,KJ40,Complete,7,7,37
GCF_018619535.1,Streptomyces sp.,CYG20,Contig,6,5,14
GCF_001434355.1,Streptomyces anulatus,ATCC 11523,Chromosome,6,2,37
GCF_002910775.2,Streptomyces sp.,SM18,Complete,6,2,9
GCF_000719345.1,Streptomyces sp.,NRRL F-2664,Contig,1,1,3
GCF_001866675.1,Streptomyces sp.,MUSC 14,Contig,1,1,0
GCF_001905505.1,Streptomyces sp.,CB02058,Scaffold,1,1,4
GCF_000226455.1,Streptomyces chartreusis,NRRL 12338,Scaffold,1,1,3
GCF_013363475.1,Streptomyces sp.,KAI-26,Contig,1,1,13
GCF_001279925.1,Streptomyces sp.,H036,Contig,1,1,22
GCF_000830005.1,Streptomyces vietnamensis,GIM4.0001,Complete,7,1,0
GCF_000718935.1,Streptomyces sp.,NRRL S-237,Contig,1,1,12
GCF_014203475.1,Streptomyces spectabilis,CECT 3146,Scaffold,1,1,2
GCF_005860785.2,Streptomyces sp.,So13.3,Complete,6,1,1
GCF_002300165.1,Streptomyces sp.,Tue6028,Scaffold,1,1,0
GCF_000385945.1,Streptomyces fulvissimus,DSM 40593,Complete,6,1,9
GCF_018614035.1,Streptomyces sp.,SL-96,Scaffold,1,1,1
GCF_004023625.1,Streptomyces cavernae,SYSU K10008,Scaffold,1,1,0
GCF_000719955.1,Streptomyces albidoflavus,NRRL B-1271,Contig,1,1,0
GCF_008704395.1,Streptomyces alboniger,ATCC 12461,Complete,6,1,1
GCF_014191845.1,Streptomyces violarus,CECT 3237,Scaffold,1,1,1
GCF_000718375.1,Streptomyces sp.,NRRL F-2305,Contig,1,1,1
GCF_001723055.1,Streptomyces niveus,NRRL 2466,Scaffold,1,1,1
GCF_003945525.1,Streptomyces sp.,WAC 01438,Complete,6,3,0
GCF_004195745.1,Streptomyces albidoflavus,NBRC 100770,Contig,1,1,9
GCF_009862465.1,Streptomyces sp.,SID4941,Contig,1,1,9
GCF_016598615.1,Streptomyces sp.,ZYC-3,Complete,6,6,0
GCF_014649795.1,Streptomyces melanogenes,JCM 4398,Scaffold,1,1,0
GCF_013421635.1,Streptomyces sp.,UH6,Contig,1,1,1
GCF_019049185.1,Streptomyces anulatus,AC569_RSS891,Scaffold,1,1,20
GCF_001905845.1,Streptomyces sp.,TSRI0107,Scaffold,1,1,0
GCF_002335465.1,Streptomyces olivochromogenes,NBRC 3561,Contig,1,1,2
GCF_013363665.1,Streptomyces sp.,CAI-68,Contig,1,1,16
GCF_009829585.1,Streptomyces tendae,UTMC 3329,Scaffold,1,1,0
GCF_014650315.1,Streptomyces chartreusis,JCM 4570,Scaffold,1,1,5
GCF_003949505.1,Streptomyces sp.,WAC00469,Contig,1,1,1
GCF_014650715.1,Streptomyces bluensis,JCM 4729,Contig,1,1,0
GCF_001279815.1,Streptomyces sp.,XY37,Contig,1,1,22
GCF_013363555.1,Streptomyces fungicidicus,CAI-93,Contig,1,1,2
GCF_001493375.1,Streptomyces specialis,ype strain: GW41-1564,Scaffold,3,2,0
GCF_017358145.1,Streptomyces sp.,CA-256286,Complete,6,1,9
GCF_007113485.2,Streptomyces sp.,S1D4-23,Chromosome,6,2,13
GCF_009862105.1,Streptomyces sp.,SID8357,Contig,1,1,1
GCF_015767775.1,Streptomyces clavuligerus,F1D7,Complete,6,2,26
GCF_000719865.1,Streptomyces albus,NRRL F-4971,Contig,1,1,0
GCF_017114865.1,Streptomyces verrucosisporus,CPB1-1,Contig,1,1,0
GCF_003024195.1,Streptomyces dioscori,A217,Scaffold,1,1,1
GCF_015912995.1,Streptomyces clavuligerus,BW0216,Contig,1,1,26
GCF_006539185.1,Streptomyces gardneri,NBRC 12865,Contig,1,1,2
GCF_003046555.1,Streptomyces sp.,VMFN-G11Ma,Scaffold,1,1,2
GCF_002188365.1,Streptomyces sp.,CS113,Scaffold,1,1,0
GCF_008312835.1,Streptomyces marokkonensis,OANH409,Contig,1,1,0
GCF_000738715.1,Streptomyces scabiei,NCPPB 4066,Scaffold,1,1,0
GCF_001905125.1,Streptomyces sp.,TSRI0281,Scaffold,1,1,0
GCF_002551375.1,Streptomyces sp.,gb14,Contig,1,1,16
GCF_011317205.1,Streptomyces sp.,KO7888,Scaffold,3,1,3
GCF_011170145.1,Streptomyces gougerotii,NBRC 13043,Contig,7,3,16
GCF_012034935.1,Streptomyces sp.,PLAI1-29,Contig,1,1,0
GCF_009862365.1,Streptomyces sp.,SID7815,Contig,6,3,18
GCF_000719335.1,Streptomyces sp.,NRRL S-87,Contig,1,1,0
GCF_001715295.1,Streptomyces griseus,BIG105,Scaffold,1,1,0
GCF_014650895.1,Streptomyces omiyaensis,JCM 4806,Scaffold,1,1,0
GCF_001543895.1,Streptomyces thermoautotrophicus,UBT1,Contig,3,2,2
GCF_003024215.1,Streptomyces sp.,CS149,Scaffold,12,2,16
GCF_004795055.1,Streptomyces sp.,A1136,Contig,1,1,1
GCF_000721495.1,Streptomyces sp.,NRRL F-5123,Contig,1,1,0
GCF_009025935.1,Streptomyces sp.,,Chromosome,6,1,1
GCF_005517195.1,Streptomyces exfoliatus,A1013Y,Complete,6,2,0
GCF_011758705.1,Streptomyces cinereoruber,DSM 41512,Contig,6,2,5
GCF_016654055.1,Streptomyces sp.,MBT55,Contig,1,1,1
GCF_004122735.1,Streptomyces sioyaensis,DSM 40032,Contig,1,1,1
GCF_000498935.1,Streptomyces sp.,HCCB10043,Contig,1,1,1
GCF_018128905.1,Streptomyces sp.,A2-16,Chromosome,6,1,0
GCF_000716685.1,Streptomyces virginiae,NRRL B-8091,Contig,1,1,0
GCF_008639045.1,Streptomyces venezuelae,ATCC 21113,Complete,7,2,3
GCF_002803175.1,Streptomyces sp.,CB02613,Scaffold,1,1,16
GCF_900105275.1,Streptomyces sp.,KS_5,Contig,6,4,5
GCF_002156055.1,Streptomyces viridochromogenes,NRRL B-24167,Scaffold,1,1,0
GCF_014651015.1,Streptomyces xantholiticus,JCM 4863,Scaffold,1,1,0
GCF_000359525.1,Streptomyces albidoflavus,J1074,Complete,7,2,32
GCF_009863225.1,Streptomyces sp.,SID4926,Contig,1,1,1
GCF_007113665.2,Streptomyces sp.,S1D4-14,Complete,6,2,15
GCF_900199205.1,Streptomyces sp.,1331.2,Contig,11,8,1
GCF_011820545.1,Streptomyces sp.,DSM 40868,Complete,6,2,0
GCF_000800535.1,Streptomyces sp.,M10,Scaffold,1,1,8
GCF_018069565.1,Streptomyces sp.,RG38,Scaffold,1,1,0
GCF_016612855.1,Streptomyces sp.,MBT33,Contig,1,1,0
GCF_003687515.1,Streptomyces sp.,S5,Contig,1,1,32
GCF_014651155.1,Streptomyces anthocyanicus,JCM 5058,Scaffold,1,1,0
GCF_002846455.1,Streptomyces sp.,5112.2,Contig,6,2,2
GCF_018070605.1,Streptomyces sp.,B15,Scaffold,1,1,0
GCF_014650195.1,Streptomyces umbrinus,JCM 4521,Scaffold,1,1,0
GCF_001953875.1,Streptomyces amritsarensis,MTCC 11845,Scaffold,1,1,2
GCF_014295035.1,Streptomyces buecherae,AC541,Complete,6,3,2
GCF_003949835.1,Streptomyces sp.,WAC02707,Contig,1,1,10
GCF_014203495.1,Streptomyces albaduncus,CECT 3226,Scaffold,1,1,1
GCF_003751425.1,Streptomyces sp.,2132.2,Contig,7,3,7
GCF_016432665.1,Streptomyces sp.,BSE7-9,Contig,6,3,2
GCF_014083985.1,Streptomyces sp.,SCUT-3,Complete,7,1,0
GCF_002007125.1,Streptomyces tsukubensis,F601,Contig,1,1,1
GCF_004196215.1,Streptomyces albidoflavus,FXJ6.189,Contig,1,1,0
GCF_001531145.1,Streptomyces sp.,MTB 1903,Scaffold,1,1,2
GCF_001751375.1,Streptomyces qinglanensis,SCSIO M10379,Scaffold,4,1,1
GCF_001270025.1,Streptomyces azureus,ATCC 14921,Scaffold,1,1,0
GCF_001941265.1,Streptomyces acidiscabies,98-49,Contig,1,1,2
GCF_018070745.1,Streptomyces sp.,C3-3,Scaffold,1,1,20
GCF_012922115.1,Streptomyces sp.,RLA2-12,Contig,6,2,15
GCF_018070145.1,Streptomyces sp.,RK76,Contig,1,1,4
GCF_014650735.1,Streptomyces canarius,JCM 4733,Scaffold,1,1,0
GCF_001267885.1,Streptomyces ambofaciens,ATCC 23877,Complete,6,1,1
GCF_017942185.1,Streptomyces rhizosphaericus,DSM 41760,Contig,6,2,3
GCF_904440635.1,Streptomyces sp.,,Complete,6,2,20
GCF_001279005.1,Streptomyces caelestis,NRRL B-24567,Contig,1,1,1
GCF_015712165.1,Streptomyces spinoverrucosus,SNB-032,Contig,6,3,0
GCF_017676345.1,Streptomyces smyrnaeus,DSM 42105,Contig,1,1,0
GCF_001975025.1,Streptomyces alfalfae,ACCC40021,Complete,6,1,5
GCF_004196035.1,Streptomyces albidoflavus,CR19,Contig,1,1,32
GCF_016741825.1,Streptomyces sp.,CH9-7,Contig,1,1,0
GCF_013414305.1,Streptomyces sp.,Rer75,Complete,6,6,0
GCF_007113425.2,Streptomyces sp.,RLB3-17,Complete,6,1,13
GCF_001672315.1,Streptomyces sp.,H-KF8,Contig,6,3,2
GCF_002843305.1,Streptomyces barkulensis,RC 1831,Scaffold,3,1,0
GCF_000225525.1,Streptomyces zinciresistens,K42,Contig,1,1,0
GCF_016757295.1,Streptomyces sp.,M2CJ-2,Scaffold,1,1,0
GCF_015160855.1,Streptomyces ferrugineus,CCTCC AA2014009,Complete,6,2,0
GCF_900171555.1,Streptomyces albidoflavus,R-53649,Scaffold,1,1,9
GCF_002155885.1,Streptomyces rhizosphaericus,NRRL B-24304,Scaffold,1,1,3
GCF_014489615.1,Streptomyces sp.,CRPJ-33,Complete,6,1,0
GCF_001417775.1,Streptomyces sp.,TP-A0356,Scaffold,1,1,0
GCF_000718295.1,Streptomyces capuensis,NRRL B-3501,Contig,1,1,9
GCF_014141535.1,Streptomyces alkaliphilus,DSM 42118,Contig,1,1,0
GCF_002705975.1,Streptomyces sp.,AmelKG-E11A,Scaffold,1,1,2
GCF_001865255.1,Streptomyces sp.,CC77,Contig,1,1,0
GCF_000952035.2,Streptomyces lydicus,A02,Complete,6,1,5
GCF_900104865.1,Streptomyces sp.,2112.2,Contig,6,1,4
GCF_012927225.1,Streptomyces sp.,R301,Scaffold,1,1,1
GCF_002154575.1,Streptomyces bobili,NRRL B-1338,Scaffold,1,1,1
GCF_017969045.1,Streptomyces sp.,LBUM 1477,Contig,6,2,15
GCF_000956015.1,Streptomyces sp.,NRRL F-4428,Contig,1,1,3
GCF_000720635.1,Streptomyces sp.,NRRL WC-3742,Contig,1,1,0
GCF_001279765.1,Streptomyces sp.,XY413,Contig,1,1,22
GCF_007097205.2,Streptomyces alkaliterrae,OF1,Contig,1,1,0
GCF_014650915.1,Streptomyces poonensis,JCM 4815,Scaffold,1,1,0
GCF_000010605.1,Streptomyces griseus,NBRC 13350,Complete,6,1,7
GCF_002156075.1,Streptomyces scabiei,NRRL B-2795,Scaffold,1,1,0
GCF_009827025.1,Streptomyces sp.,HUCO-GS316,Contig,1,1,0
GCF_008704715.1,Streptomyces chartreusis,ATCC 14922,Complete,6,1,5
GCF_000280905.1,Streptomyces sp.,AA1529,Contig,1,1,1
GCF_009862245.1,Streptomyces sp.,SID7816,Contig,6,1,7
GCF_018070535.1,Streptomyces sp.,B94,Scaffold,1,1,1
GCF_000739105.1,Streptomyces lividans,TK24,Complete,6,4,14
GCF_000717025.1,Streptomyces atroolivaceus,NRRL ISP-5137,Contig,1,1,0
GCF_014489635.1,Streptomyces sp.,CRXT-G-22,Complete,6,2,0
GCF_014596505.1,Streptomyces sp.,CBMA370,Contig,1,1,1
GCF_008705135.1,Streptomyces coeruleorubidus,ATCC 13740,Complete,6,5,0
GCF_014748265.1,Streptomyces sp.,JV180,Contig,6,2,13
GCF_008932075.1,Streptomyces sp.,TRM68085,Scaffold,1,1,20
GCF_002551065.1,Streptomyces sp.,99,Contig,1,1,0
GCF_014252945.1,Streptomyces mexicanus,Marseille-Q0842,Contig,6,3,1
GCF_001553435.1,Streptomyces hygroscopicus,NBRC 16556,Scaffold,1,1,5
GCF_001550325.1,Streptomyces europaeiscabiei,89-04,Contig,7,1,4
GCF_013363465.1,Streptomyces odorifer,KAI-180,Contig,1,1,8
GCF_016432735.1,Streptomyces sp.,5,Contig,6,2,2
GCF_000717815.1,Streptomyces rimosus,NRRL WC-3924,Contig,1,1,0
GCF_011421595.1,Streptomyces sp.,YIM 98790,Scaffold,1,1,0
GCF_018530825.1,Streptomyces sp.,Tu10,Contig,1,1,18
GCF_900105525.1,Streptomyces sp.,2314.4,Contig,7,1,4
GCF_003665435.1,Streptomyces fungicidicus,TXX3120,Complete,6,4,2
GCF_000972395.1,Streptomyces sp.,WM6391,Scaffold,1,1,12
GCF_013358045.1,Streptomyces lunaelactis,MM103,Contig,1,1,8
GCF_000718695.1,Streptomyces californicus,NRRL ISP-5083,Contig,1,1,0
GCF_008634015.1,Streptomyces filamentosus,ATCC 23958,Contig,8,5,1
GCF_015767875.1,Streptomyces clavuligerus,F1D26,Complete,6,2,26
GCF_014646275.1,Streptomyces kronopolitis,CGMCC 4.7323,Scaffold,1,1,0
GCF_002910985.1,Streptomyces sp.,B188M101,Scaffold,7,1,4
GCF_012726235.1,Streptomyces sp.,HNM0574,Contig,1,1,0
GCF_003324565.1,Streptomyces sp.,SDr-06,Contig,1,1,0
GCF_005768555.2,Streptomyces sporangiiformans,NEAU-SSA 1,Scaffold,1,1,1
GCF_003116675.1,Streptomyces sp.,CS090A,Scaffold,1,1,20
GCF_001509775.1,Streptomyces violaceusniger,NRRL F-8817,Contig,1,1,2
GCF_000444875.1,Streptomyces collinus,Tu 365,Complete,6,1,0
GCF_005795905.1,Streptomyces marianii,CN19,Contig,6,1,0
GCF_004795105.1,Streptomyces sp.,A0642,Contig,1,1,2
GCF_014257025.1,Streptomyces sp.,PSKA01,Contig,1,1,0
GCF_000718775.1,Streptomyces sp.,NRRL S-31,Contig,1,1,0
GCF_002224125.1,Streptomyces sp.,NBS 14/10,Scaffold,1,1,0
GCF_014493765.1,Streptomyces sp.,TRM66268-LWL,Contig,2,2,0
GCF_000612545.1,Streptomyces sp.,PCS3-D2,Scaffold,1,1,3
GCF_012034235.1,Streptomyces thermoviolaceus,NBRC 13905,Contig,1,1,1
GCF_000725125.1,Streptomyces toyocaensis,NRRL 15009,Contig,1,1,0
GCF_001047325.1,Streptomyces viridochromogenes,NRRL 3414,Contig,1,1,2
GCF_018638335.1,Streptomyces sp.,G11C,Contig,1,1,8
GCF_007829875.1,Streptomyces capillispiralis,DSM 41695,Contig,6,2,0
GCF_003325375.1,Streptomyces globosus,LZH-48,Complete,7,2,0
GCF_900105235.1,Streptomyces sp.,2133.1,Contig,7,2,5
GCF_002242735.1,Streptomyces sp.,2R,Contig,1,1,9
GCF_009863045.1,Streptomyces sp.,SID4948,Contig,1,1,1
GCF_003443735.1,Streptomyces sp.,CC0208,Complete,6,1,0
GCF_001514035.1,Streptomyces yokosukanensis,DSM 40224,Scaffold,1,1,0
GCF_010548345.1,Streptomyces sp.,SID13588,Contig,1,1,1
GCF_009862885.1,Streptomyces sp.,SID5468,Contig,6,4,2
GCF_003268965.1,Streptomyces avidinii,CG 885,Scaffold,1,1,18
GCF_009600885.1,Streptomyces jumonjinensis,NRRL 5741,Scaffold,1,1,0
GCF_000719895.1,Streptomyces sp.,NRRL F-2799,Contig,1,1,0
GCF_009811575.1,Streptomyces glebosus,NBRC 13786,Contig,7,1,1
GCF_013375055.1,Streptomyces chartreusis,NA02069,Complete,1,1,5
GCF_014650275.1,Streptomyces mirabilis,JCM 4551,Scaffold,1,1,0
GCF_003671675.1,Streptomyces sp.,E2N171,Scaffold,1,1,4
GCF_018614195.1,Streptomyces sp.,SL-43,Scaffold,1,1,0
GCF_018070025.1,Streptomyces sp.,BH-SS-21,Scaffold,6,2,1
GCF_014203645.1,Streptomyces zagrosensis,CECT 8305,Contig,1,1,0
GCF_900104815.1,Streptomyces misionensis,DSM 40306,Contig,6,3,3
GCF_004117935.1,Streptomyces roseicoloratus,TRM44457,Scaffold,1,1,0
GCF_000261345.2,Streptomyces globisporus,C-1027,Complete,6,1,8
GCF_014779715.1,Streptomyces chumphonensis,KK1-2,Contig,1,1,0
GCF_002119225.1,Streptomyces fradiae,DSM 40063,Scaffold,1,1,2
GCF_014649915.1,Streptomyces toxytricini,JCM 4421,Scaffold,1,1,1
GCF_000380165.1,Streptomyces vitaminophilus,DSM 41686,Scaffold,1,1,0
GCF_003751445.1,Streptomyces sp.,840.1,Contig,7,1,2
GCF_002910935.1,Streptomyces sp.,B226SN101,Scaffold,7,1,4
GCF_016598475.1,Streptomyces adelaidensis,CAP261,Contig,1,1,0
GCF_004320085.1,Streptomyces kasugaensis,AM-2504,Contig,1,1,2
GCF_003675345.1,Streptomyces albus,ZD11,Complete,6,4,2
GCF_003595235.1,Streptomyces griseorubiginosus,3E-1,Complete,6,2,2
GCF_009865215.1,Streptomyces sp.,SID3343,Contig,1,1,0
GCF_003387455.1,Streptomyces sp.,2221.1,Contig,6,3,14
GCF_001905485.1,Streptomyces sp.,TSRI0261,Scaffold,1,1,20
GCF_000717995.1,Streptomyces violaceorubidus,NRRL B-16381,Contig,1,1,0
GCF_018619585.1,Streptomyces sp.,COG20,Contig,7,5,6
GCF_014649515.1,Streptomyces flavoviridis,JCM 4372,Scaffold,1,1,0
GCF_001417735.1,Streptomyces sp.,NBRC 110028,Scaffold,1,1,0
GCF_018070055.1,Streptomyces sp.,RT42,Contig,1,1,10
